"intervention","space","time","costs"
"zcube","North","1",69578.81
"zcube","North","2",53958.44
"zcube","North","3",99343.35
"zcube","North","4",79722.05
"zcube","North","5",79975.26
"zcube","North","6",102731.09
"zcube","North","7",80486.95
"zcube","North","8",111452.25
"zcube","North","9",103505.69
"zcube","North","10",81265.58
"zcube","South","1",76549.21
"zcube","South","2",59364.00
"zcube","South","3",109295.57
"zcube","South","4",87708.60
"zcube","South","5",87987.17
"zcube","South","6",113022.68
"zcube","South","7",88550.12
"zcube","South","8",122617.53
"zcube","South","9",113874.88
"zcube","South","10",89406.76
"zcube","Cities","1",44303.66
"zcube","Cities","2",34357.54
"zcube","Cities","3",63255.95
"zcube","Cities","4",50762.27
"zcube","Cities","5",50923.50
"zcube","Cities","6",65413.06
"zcube","Cities","7",51249.31
"zcube","Cities","8",70966.18
"zcube","Cities","9",65906.28
"zcube","Cities","10",51745.10
"flour","North","1",220278.38
"flour","North","2",224600.13
"flour","North","3",243532.40
"flour","North","4",233448.04
"flour","North","5",257823.87
"flour","North","6",257123.42
"flour","North","7",247262.64
"flour","North","8",252027.47
"flour","North","9",271421.55
"flour","North","10",281667.59
"flour","South","1",348339.78
"flour","South","2",355174.03
"flour","South","3",385112.80
"flour","South","4",369165.78
"flour","South","5",407712.77
"flour","South","6",406605.12
"flour","South","7",391011.65
"flour","South","8",398546.57
"flour","South","9",429215.63
"flour","South","10",445418.32
"flour","Cities","1",364174.16
"flour","Cities","2",371319.07
"flour","Cities","3",402618.77
"flour","Cities","4",385946.85
"flour","Cities","5",426246.06
"flour","Cities","6",425088.05
"flour","Cities","7",408785.76
"flour","Cities","8",416663.19
"flour","Cities","9",448726.36
"flour","Cities","10",465665.58
"flourzcube","North","1",289857.19
"flourzcube","North","2",278558.57
"flourzcube","North","3",342875.76
"flourzcube","North","4",313170.09
"flourzcube","North","5",337799.12
"flourzcube","North","6",359854.51
"flourzcube","North","7",327749.58
"flourzcube","North","8",363479.72
"flourzcube","North","9",374927.24
"flourzcube","North","10",362933.17
"flourzcube","South","1",424888.99
"flourzcube","South","2",414538.02
"flourzcube","South","3",494408.37
"flourzcube","South","4",456874.38
"flourzcube","South","5",495699.95
"flourzcube","South","6",519627.80
"flourzcube","South","7",479561.77
"flourzcube","South","8",521164.10
"flourzcube","South","9",543090.51
"flourzcube","South","10",534825.09
"flourzcube","Cities","1",408477.82
"flourzcube","Cities","2",405676.61
"flourzcube","Cities","3",465874.72
"flourzcube","Cities","4",436709.12
"flourzcube","Cities","5",477169.56
"flourzcube","Cities","6",490501.12
"flourzcube","Cities","7",460035.07
"flourzcube","Cities","8",487629.37
"flourzcube","Cities","9",514632.64
"flourzcube","Cities","10",517410.68
"cube","North","1",69578.81
"cube","North","2",53958.44
"cube","North","3",99343.35
"cube","North","4",142247.59
"cube","North","5",143905.54
"cube","North","6",168075.99
"cube","North","7",147255.97
"cube","North","8",179654.14
"cube","North","9",173147.91
"cube","North","10",152354.31
"cube","South","1",76549.21
"cube","South","2",59364.00
"cube","South","3",109295.57
"cube","South","4",156497.94
"cube","South","5",158321.99
"cube","South","6",184913.84
"cube","South","7",162008.07
"cube","South","8",197651.88
"cube","South","9",190493.86
"cube","South","10",167617.16
"cube","Cities","1",44303.66
"cube","Cities","2",34357.54
"cube","Cities","3",63255.95
"cube","Cities","4",90574.82
"cube","Cities","5",91630.51
"cube","Cities","6",107020.82
"cube","Cities","7",93763.86
"cube","Cities","8",114393.09
"cube","Cities","9",110250.32
"cube","Cities","10",97010.18
"oilvas","North","1",1115010.91
"oilvas","North","2",1117487.69
"oilvas","North","3",1120005.28
"oilvas","North","4",1122554.50
"oilvas","North","5",1125122.75
"oilvas","North","6",1127698.33
"oilvas","North","7",1130275.41
"oilvas","North","8",1132854.06
"oilvas","North","9",1135434.91
"oilvas","North","10",1138015.16
"oilvas","South","1",1449557.67
"oilvas","South","2",1451041.12
"oilvas","South","3",1452520.94
"oilvas","South","4",1453995.48
"oilvas","South","5",1455462.41
"oilvas","South","6",1456921.33
"oilvas","South","7",1458376.92
"oilvas","South","8",1459835.81
"oilvas","South","9",1461301.59
"oilvas","South","10",1462774.78
"oilvas","Cities","1",684803.75
"oilvas","Cities","2",687055.59
"oilvas","Cities","3",689334.40
"oilvas","Cities","4",691643.43
"oilvas","Cities","5",693985.17
"oilvas","Cities","6",696363.35
"oilvas","Cities","7",698782.29
"oilvas","Cities","8",701246.20
"oilvas","Cities","9",703759.80
"oilvas","Cities","10",706328.14
"maxoil","North","1",146476.96
"maxoil","North","2",147909.58
"maxoil","North","3",188558.01
"maxoil","North","4",170561.97
"maxoil","North","5",199810.43
"maxoil","North","6",194560.70
"maxoil","North","7",176659.54
"maxoil","North","8",178758.79
"maxoil","North","9",200859.43
"maxoil","North","10",210312.18
"maxoil","South","1",120389.79
"maxoil","South","2",121567.26
"maxoil","South","3",154976.31
"maxoil","South","4",140185.32
"maxoil","South","5",164224.71
"maxoil","South","6",159909.94
"maxoil","South","7",145196.93
"maxoil","South","8",146922.31
"maxoil","South","9",165086.88
"maxoil","South","10",172856.12
"maxoil","Cities","1",184922.58
"maxoil","Cities","2",186731.22
"maxoil","Cities","3",238048.59
"maxoil","Cities","4",215329.16
"maxoil","Cities","5",252254.42
"maxoil","Cities","6",245626.79
"maxoil","Cities","7",223027.14
"maxoil","Cities","8",225677.38
"maxoil","Cities","9",253578.74
"maxoil","Cities","10",265512.55
"maxoilcube","North","1",216055.77
"maxoilcube","North","2",201868.02
"maxoilcube","North","3",287901.36
"maxoilcube","North","4",312809.56
"maxoilcube","North","5",343715.97
"maxoilcube","North","6",362636.69
"maxoilcube","North","7",323915.51
"maxoilcube","North","8",358412.92
"maxoilcube","North","9",374007.34
"maxoilcube","North","10",362666.49
"maxoilcube","South","1",196939.00
"maxoilcube","South","2",180931.26
"maxoilcube","South","3",264271.88
"maxoilcube","South","4",296683.27
"maxoilcube","South","5",322546.69
"maxoilcube","South","6",344823.77
"maxoilcube","South","7",307204.99
"maxoilcube","South","8",344574.19
"maxoilcube","South","9",355580.74
"maxoilcube","South","10",340473.28
"maxoilcube","Cities","1",229226.24
"maxoilcube","Cities","2",221088.75
"maxoilcube","Cities","3",301304.54
"maxoilcube","Cities","4",305903.98
"maxoilcube","Cities","5",343884.93
"maxoilcube","Cities","6",352647.61
"maxoilcube","Cities","7",316791.00
"maxoilcube","Cities","8",340070.47
"maxoilcube","Cities","9",363829.06
"maxoilcube","Cities","10",362522.74
"cubezcube","North","1",69578.81
"cubezcube","North","2",53958.44
"cubezcube","North","3",99343.35
"cubezcube","North","4",154201.00
"cubezcube","North","5",156127.50
"cubezcube","North","6",180568.40
"cubezcube","North","7",160020.63
"cubezcube","North","8",192692.73
"cubezcube","North","9",186461.87
"cubezcube","North","10",165944.80
"cubezcube","South","1",76549.21
"cubezcube","South","2",59364.00
"cubezcube","South","3",109295.57
"cubezcube","South","4",169648.85
"cubezcube","South","5",171768.35
"cubezcube","South","6",198657.73
"cubezcube","South","7",176051.49
"cubezcube","South","8",211996.68
"cubezcube","South","9",205141.61
"cubezcube","South","10",182569.14
"cubezcube","Cities","1",44303.66
"cubezcube","Cities","2",34357.54
"cubezcube","Cities","3",63255.95
"cubezcube","Cities","4",98186.05
"cubezcube","Cities","5",99412.73
"cubezcube","Cities","6",114975.24
"cubezcube","Cities","7",101891.65
"cubezcube","Cities","8",122695.30
"cubezcube","Cities","9",118727.86
"cubezcube","Cities","10",105663.80
"oil","North","1",94153.32
"oil","North","2",95585.94
"oil","North","3",97040.99
"oil","North","4",98518.57
"oil","North","5",100018.98
"oil","North","6",101543.00
"oil","North","7",103091.75
"oil","North","8",104666.18
"oil","North","9",106267.05
"oil","North","10",107895.29
"oil","South","1",77384.85
"oil","South","2",78562.33
"oil","South","3",79758.24
"oil","South","4",80972.67
"oil","South","5",82205.85
"oil","South","6",83458.46
"oil","South","7",84731.37
"oil","South","8",86025.41
"oil","South","9",87341.16
"oil","South","10",88679.42
"oil","Cities","1",118865.62
"oil","Cities","2",120674.26
"oil","Cities","3",122511.21
"oil","Cities","4",124376.62
"oil","Cities","5",126270.83
"oil","Cities","6",128194.87
"oil","Cities","7",130150.11
"oil","Cities","8",132137.78
"oil","Cities","9",134158.83
"oil","Cities","10",136214.43
"oilcube","North","1",163732.13
"oilcube","North","2",149544.38
"oilcube","North","3",196384.34
"oilcube","North","4",240766.16
"oilcube","North","5",243924.51
"oilcube","North","6",269618.99
"oilcube","North","7",250347.71
"oilcube","North","8",284320.32
"oilcube","North","9",279414.97
"oilcube","North","10",260249.60
"oilcube","South","1",153934.07
"oilcube","South","2",137926.33
"oilcube","South","3",189053.80
"oilcube","South","4",237470.61
"oilcube","South","5",240527.84
"oilcube","South","6",268372.29
"oilcube","South","7",246739.44
"oilcube","South","8",283677.28
"oilcube","South","9",277835.03
"oilcube","South","10",256296.57
"oilcube","Cities","1",163169.28
"oilcube","Cities","2",155031.79
"oilcube","Cities","3",185767.16
"oilcube","Cities","4",214951.44
"oilcube","Cities","5",217901.34
"oilcube","Cities","6",235215.69
"oilcube","Cities","7",223913.97
"oilcube","Cities","8",246530.88
"oilcube","Cities","9",244409.15
"oilcube","Cities","10",233224.61
"oilcubevas","North","1",1184589.72
"oilcubevas","North","2",1171446.14
"oilcubevas","North","3",1219348.64
"oilcubevas","North","4",1264802.08
"oilcubevas","North","5",1269028.29
"oilcubevas","North","6",1295774.32
"oilcubevas","North","7",1277531.38
"oilcubevas","North","8",1312508.20
"oilcubevas","North","9",1308582.83
"oilcubevas","North","10",1290369.47
"oilcubevas","South","1",1526106.88
"oilcubevas","South","2",1510405.12
"oilcubevas","South","3",1561816.51
"oilcubevas","South","4",1610493.42
"oilcubevas","South","5",1613784.40
"oilcubevas","South","6",1641835.17
"oilcubevas","South","7",1620384.99
"oilcubevas","South","8",1657487.69
"oilcubevas","South","9",1651795.45
"oilcubevas","South","10",1630391.94
"oilcubevas","Cities","1",729107.41
"oilcubevas","Cities","2",721413.12
"oilcubevas","Cities","3",752590.36
"oilcubevas","Cities","4",782218.25
"oilcubevas","Cities","5",785615.68
"oilcubevas","Cities","6",803384.17
"oilcubevas","Cities","7",792546.15
"oilcubevas","Cities","8",815639.29
"oilcubevas","Cities","9",814010.12
"oilcubevas","Cities","10",803338.33
"maxoilvas","North","1",1167334.56
"maxoilvas","North","2",1169811.34
"maxoilvas","North","3",1211522.30
"maxoilvas","North","4",1194597.90
"maxoilvas","North","5",1224914.21
"maxoilvas","North","6",1220716.03
"maxoilvas","North","7",1203843.20
"maxoilvas","North","8",1206946.66
"maxoilvas","North","9",1230027.29
"maxoilvas","North","10",1240432.06
"maxoilvas","South","1",1492562.60
"maxoilvas","South","2",1494046.06
"maxoilvas","South","3",1527739.01
"maxoilvas","South","4",1513208.14
"maxoilvas","South","5",1537481.27
"maxoilvas","South","6",1533372.81
"maxoilvas","South","7",1518842.48
"maxoilvas","South","8",1520732.71
"maxoilvas","South","9",1539047.30
"maxoilvas","South","10",1546951.49
"maxoilvas","Cities","1",750860.71
"maxoilvas","Cities","2",753112.55
"maxoilvas","Cities","3",804871.78
"maxoilvas","Cities","4",782595.97
"maxoilvas","Cities","5",819968.76
"maxoilvas","Cities","6",813795.28
"maxoilvas","Cities","7",791659.33
"maxoilvas","Cities","8",794785.79
"maxoilvas","Cities","9",823179.72
"maxoilvas","Cities","10",835626.27
"maxoilcubevas","North","1",1236913.37
"maxoilcubevas","North","2",1223769.78
"maxoilcubevas","North","3",1310865.66
"maxoilcubevas","North","4",1336845.48
"maxoilcubevas","North","5",1368819.74
"maxoilcubevas","North","6",1388792.02
"maxoilcubevas","North","7",1351099.17
"maxoilcubevas","North","8",1386600.80
"maxoilcubevas","North","9",1403175.20
"maxoilcubevas","North","10",1392786.36
"maxoilcubevas","South","1",1569111.82
"maxoilcubevas","South","2",1553410.06
"maxoilcubevas","South","3",1637034.58
"maxoilcubevas","South","4",1669706.08
"maxoilcubevas","South","5",1695803.25
"maxoilcubevas","South","6",1718286.65
"maxoilcubevas","South","7",1680850.54
"maxoilcubevas","South","8",1718384.59
"maxoilcubevas","South","9",1729541.17
"maxoilcubevas","South","10",1714568.65
"maxoilcubevas","Cities","1",795164.37
"maxoilcubevas","Cities","2",787470.08
"maxoilcubevas","Cities","3",868127.73
"maxoilcubevas","Cities","4",873170.79
"maxoilcubevas","Cities","5",911599.27
"maxoilcubevas","Cities","6",920816.10
"maxoilcubevas","Cities","7",885423.19
"maxoilcubevas","Cities","8",909178.89
"maxoilcubevas","Cities","9",933430.03
"maxoilcubevas","Cities","10",932636.45
"vas","North","1",1020857.60
"vas","North","2",1021901.76
"vas","North","3",1022964.30
"vas","North","4",1024035.92
"vas","North","5",1025103.78
"vas","North","6",1026155.33
"vas","North","7",1027183.67
"vas","North","8",1028187.88
"vas","North","9",1029167.86
"vas","North","10",1030119.87
"vas","South","1",1372172.81
"vas","South","2",1372478.80
"vas","South","3",1372762.70
"vas","South","4",1373022.81
"vas","South","5",1373256.56
"vas","South","6",1373462.87
"vas","South","7",1373645.55
"vas","South","8",1373810.40
"vas","South","9",1373960.42
"vas","South","10",1374095.37
"vas","Cities","1",565938.13
"vas","Cities","2",566381.33
"vas","Cities","3",566823.19
"vas","Cities","4",567266.81
"vas","Cities","5",567714.34
"vas","Cities","6",568168.49
"vas","Cities","7",568632.18
"vas","Cities","8",569108.41
"vas","Cities","9",569600.97
"vas","Cities","10",570113.71
"cubevas","North","1",1090436.41
"cubevas","North","2",1075860.20
"cubevas","North","3",1122307.65
"cubevas","North","4",1166283.51
"cubevas","North","5",1169009.31
"cubevas","North","6",1194231.32
"cubevas","North","7",1174439.64
"cubevas","North","8",1207842.01
"cubevas","North","9",1202315.78
"cubevas","North","10",1182474.18
"cubevas","South","1",1448722.03
"cubevas","South","2",1431842.79
"cubevas","South","3",1482058.27
"cubevas","South","4",1529520.75
"cubevas","South","5",1531578.55
"cubevas","South","6",1558376.71
"cubevas","South","7",1535653.62
"cubevas","South","8",1571462.28
"cubevas","South","9",1564454.29
"cubevas","South","10",1541712.52
"cubevas","Cities","1",610241.79
"cubevas","Cities","2",600738.87
"cubevas","Cities","3",630079.15
"cubevas","Cities","4",657841.63
"cubevas","Cities","5",659344.85
"cubevas","Cities","6",675189.30
"cubevas","Cities","7",662396.05
"cubevas","Cities","8",683501.51
"cubevas","Cities","9",679851.29
"cubevas","Cities","10",667123.90
"maxoilclinic","North","1",418923.05
"maxoilclinic","North","2",423538.31
"maxoilclinic","North","3",467393.39
"maxoilclinic","North","4",452597.77
"maxoilclinic","North","5",485013.22
"maxoilclinic","North","6",482878.19
"maxoilclinic","North","7",468028.52
"maxoilclinic","North","8",473105.72
"maxoilclinic","North","9",498095.59
"maxoilclinic","North","10",510340.76
"maxoilclinic","South","1",501903.85
"maxoilclinic","South","2",503806.92
"maxoilclinic","South","3",537882.68
"maxoilclinic","South","4",523699.03
"maxoilclinic","South","5",548281.55
"maxoilclinic","South","6",544453.85
"maxoilclinic","South","7",530188.05
"maxoilclinic","South","8",532322.95
"maxoilclinic","South","9",550852.62
"maxoilclinic","South","10",558943.57
"maxoilclinic","Cities","1",293609.87
"maxoilclinic","Cities","2",296196.66
"maxoilclinic","Cities","3",348291.92
"maxoilclinic","Cities","4",326353.58
"maxoilclinic","Cities","5",364066.14
"maxoilclinic","Cities","6",358239.98
"maxoilclinic","Cities","7",336462.46
"maxoilclinic","Cities","8",339959.60
"maxoilclinic","Cities","9",368737.57
"maxoilclinic","Cities","10",381583.74
"oilclinic","North","1",366599.41
"oilclinic","North","2",371214.67
"oilclinic","North","3",375876.37
"oilclinic","North","4",380554.37
"oilclinic","North","5",385221.76
"oilclinic","North","6",389860.50
"oilclinic","North","7",394460.73
"oilclinic","North","8",399013.12
"oilclinic","North","9",403503.21
"oilclinic","North","10",407923.87
"oilclinic","South","1",458898.91
"oilclinic","South","2",460801.99
"oilclinic","South","3",462664.61
"oilclinic","South","4",464486.38
"oilclinic","South","5",466262.69
"oilclinic","South","6",468002.37
"oilclinic","South","7",469722.49
"oilclinic","South","8",471426.05
"oilclinic","South","9",473106.90
"oilclinic","South","10",474766.86
"oilclinic","Cities","1",227552.91
"oilclinic","Cities","2",230139.70
"oilclinic","Cities","3",232754.54
"oilclinic","Cities","4",235401.04
"oilclinic","Cities","5",238082.54
"oilclinic","Cities","6",240808.05
"oilclinic","Cities","7",243585.43
"oilclinic","Cities","8",246420.00
"oilclinic","Cities","9",249317.66
"oilclinic","Cities","10",252285.61
"clinic","North","1",272446.09
"clinic","North","2",275628.73
"clinic","North","3",278835.38
"clinic","North","4",282035.80
"clinic","North","5",285202.79
"clinic","North","6",288317.50
"clinic","North","7",291368.99
"clinic","North","8",294346.93
"clinic","North","9",297236.16
"clinic","North","10",300028.58
"clinic","South","1",381514.06
"clinic","South","2",382239.66
"clinic","South","3",382906.37
"clinic","South","4",383513.71
"clinic","South","5",384056.84
"clinic","South","6",384543.92
"clinic","South","7",384991.12
"clinic","South","8",385400.64
"clinic","South","9",385765.74
"clinic","South","10",386087.45
"clinic","Cities","1",108687.29
"clinic","Cities","2",109465.44
"clinic","Cities","3",110243.33
"clinic","Cities","4",111024.42
"clinic","Cities","5",111811.72
"clinic","Cities","6",112613.19
"clinic","Cities","7",113435.32
"clinic","Cities","8",114282.22
"clinic","Cities","9",115158.83
"clinic","Cities","10",116071.18
"cubeclinic","North","1",342024.90
"cubeclinic","North","2",329587.18
"cubeclinic","North","3",378178.73
"cubeclinic","North","4",424283.39
"cubeclinic","North","5",429108.32
"cubeclinic","North","6",456393.49
"cubeclinic","North","7",438624.95
"cubeclinic","North","8",474001.07
"cubeclinic","North","9",470384.08
"cubeclinic","North","10",452382.88
"cubeclinic","South","1",458063.27
"cubeclinic","South","2",441603.66
"cubeclinic","South","3",492201.94
"cubeclinic","South","4",540011.65
"cubeclinic","South","5",542378.83
"cubeclinic","South","6",569457.75
"cubeclinic","South","7",546999.19
"cubeclinic","South","8",583052.52
"cubeclinic","South","9",576259.61
"cubeclinic","South","10",553704.60
"cubeclinic","Cities","1",152990.94
"cubeclinic","Cities","2",143822.98
"cubeclinic","Cities","3",173499.29
"cubeclinic","Cities","4",201599.25
"cubeclinic","Cities","5",203442.22
"cubeclinic","Cities","6",219634.01
"cubeclinic","Cities","7",207199.19
"cubeclinic","Cities","8",228675.31
"cubeclinic","Cities","9",225409.14
"cubeclinic","Cities","10",213081.37
"oilcubeclinic","North","1",436178.22
"oilcubeclinic","North","2",425173.11
"oilcubeclinic","North","3",475219.72
"oilcubeclinic","North","4",522801.96
"oilcubeclinic","North","5",529127.30
"oilcubeclinic","North","6",557936.49
"oilcubeclinic","North","7",541716.70
"oilcubeclinic","North","8",578667.25
"oilcubeclinic","North","9",576651.13
"oilcubeclinic","North","10",560278.17
"oilcubeclinic","South","1",535448.12
"oilcubeclinic","South","2",520165.98
"oilcubeclinic","South","3",571960.17
"oilcubeclinic","South","4",620984.32
"oilcubeclinic","South","5",624584.68
"oilcubeclinic","South","6",652916.21
"oilcubeclinic","South","7",631730.56
"oilcubeclinic","South","8",669077.93
"oilcubeclinic","South","9",663600.77
"oilcubeclinic","South","10",642384.02
"oilcubeclinic","Cities","1",271856.56
"oilcubeclinic","Cities","2",264497.23
"oilcubeclinic","Cities","3",296010.50
"oilcubeclinic","Cities","4",325975.86
"oilcubeclinic","Cities","5",329713.05
"oilcubeclinic","Cities","6",347828.87
"oilcubeclinic","Cities","7",337349.29
"oilcubeclinic","Cities","8",360813.10
"oilcubeclinic","Cities","9",359567.97
"oilcubeclinic","Cities","10",349295.80
"maxoilcubeclinic","North","1",488501.86
"maxoilcubeclinic","North","2",477496.76
"maxoilcubeclinic","North","3",566736.74
"maxoilcubeclinic","North","4",594845.36
"maxoilcubeclinic","North","5",628918.75
"maxoilcubeclinic","North","6",650954.19
"maxoilcubeclinic","North","7",615284.49
"maxoilcubeclinic","North","8",652759.86
"maxoilcubeclinic","North","9",671243.50
"maxoilcubeclinic","North","10",662695.07
"maxoilcubeclinic","South","1",578453.06
"maxoilcubeclinic","South","2",563170.92
"maxoilcubeclinic","South","3",647178.25
"maxoilcubeclinic","South","4",680196.98
"maxoilcubeclinic","South","5",706603.53
"maxoilcubeclinic","South","6",729367.69
"maxoilcubeclinic","South","7",692196.11
"maxoilcubeclinic","South","8",729974.83
"maxoilcubeclinic","South","9",741346.49
"maxoilcubeclinic","South","10",726560.73
"maxoilcubeclinic","Cities","1",337913.52
"maxoilcubeclinic","Cities","2",330554.20
"maxoilcubeclinic","Cities","3",411547.87
"maxoilcubeclinic","Cities","4",416928.40
"maxoilcubeclinic","Cities","5",455696.64
"maxoilcubeclinic","Cities","6",465260.80
"maxoilcubeclinic","Cities","7",430226.33
"maxoilcubeclinic","Cities","8",454352.69
"maxoilcubeclinic","Cities","9",478987.89
"maxoilcubeclinic","Cities","10",478593.92
"cubeflour","North","1",289857.19
"cubeflour","North","2",278558.57
"cubeflour","North","3",342875.76
"cubeflour","North","4",375695.63
"cubeflour","North","5",401729.40
"cubeflour","North","6",425199.41
"cubeflour","North","7",394518.61
"cubeflour","North","8",431681.60
"cubeflour","North","9",444569.46
"cubeflour","North","10",434021.90
"cubeflour","South","1",424888.99
"cubeflour","South","2",414538.02
"cubeflour","South","3",494408.37
"cubeflour","South","4",525663.72
"cubeflour","South","5",566034.76
"cubeflour","South","6",591518.95
"cubeflour","South","7",553019.71
"cubeflour","South","8",596198.44
"cubeflour","South","9",619709.49
"cubeflour","South","10",613035.48
"cubeflour","Cities","1",408477.82
"cubeflour","Cities","2",405676.61
"cubeflour","Cities","3",465874.72
"cubeflour","Cities","4",476521.67
"cubeflour","Cities","5",517876.57
"cubeflour","Cities","6",532108.87
"cubeflour","Cities","7",502549.62
"cubeflour","Cities","8",531056.28
"cubeflour","Cities","9",558976.68
"cubeflour","Cities","10",562675.77
"oilvasflour","North","1",1335289.29
"oilvasflour","North","2",1342087.82
"oilvasflour","North","3",1363537.69
"oilvasflour","North","4",1356002.54
"oilvasflour","North","5",1382946.62
"oilvasflour","North","6",1384821.76
"oilvasflour","North","7",1377538.05
"oilvasflour","North","8",1384881.53
"oilvasflour","North","9",1406856.46
"oilvasflour","North","10",1419682.76
"oilvasflour","South","1",1797897.44
"oilvasflour","South","2",1806215.15
"oilvasflour","South","3",1837633.74
"oilvasflour","South","4",1823161.26
"oilvasflour","South","5",1863175.19
"oilvasflour","South","6",1863526.45
"oilvasflour","South","7",1849388.57
"oilvasflour","South","8",1858382.37
"oilvasflour","South","9",1890517.21
"oilvasflour","South","10",1908193.11
"oilvasflour","Cities","1",1048977.91
"oilvasflour","Cities","2",1058374.66
"oilvasflour","Cities","3",1091953.17
"oilvasflour","Cities","4",1077590.27
"oilvasflour","Cities","5",1120231.23
"oilvasflour","Cities","6",1121451.41
"oilvasflour","Cities","7",1107568.05
"oilvasflour","Cities","8",1117909.39
"oilvasflour","Cities","9",1152486.16
"oilvasflour","Cities","10",1171993.73
"maxoilflour","North","1",366755.34
"maxoilflour","North","2",372509.71
"maxoilflour","North","3",432090.41
"maxoilflour","North","4",404010.02
"maxoilflour","North","5",457634.30
"maxoilflour","North","6",451684.12
"maxoilflour","North","7",423922.17
"maxoilflour","North","8",430786.25
"maxoilflour","North","9",472280.98
"maxoilflour","North","10",491979.77
"maxoilflour","South","1",468729.57
"maxoilflour","South","2",476741.29
"maxoilflour","South","3",540089.11
"maxoilflour","South","4",509351.10
"maxoilflour","South","5",571937.48
"maxoilflour","South","6",566515.05
"maxoilflour","South","7",536208.58
"maxoilflour","South","8",545468.87
"maxoilflour","South","9",594302.51
"maxoilflour","South","10",618274.45
"maxoilflour","Cities","1",549096.74
"maxoilflour","Cities","2",558050.29
"maxoilflour","Cities","3",640667.35
"maxoilflour","Cities","4",601276.00
"maxoilflour","Cities","5",678500.48
"maxoilflour","Cities","6",670714.85
"maxoilflour","Cities","7",631812.90
"maxoilflour","Cities","8",642340.57
"maxoilflour","Cities","9",702305.11
"maxoilflour","Cities","10",731178.14
"maxoilcubeflour","North","1",436334.15
"maxoilcubeflour","North","2",426468.15
"maxoilcubeflour","North","3",531433.76
"maxoilcubeflour","North","4",546257.60
"maxoilcubeflour","North","5",601539.83
"maxoilcubeflour","North","6",619760.11
"maxoilcubeflour","North","7",571178.14
"maxoilcubeflour","North","8",610440.39
"maxoilcubeflour","North","9",645428.89
"maxoilcubeflour","North","10",644334.08
"maxoilcubeflour","South","1",545278.78
"maxoilcubeflour","South","2",536105.29
"maxoilcubeflour","South","3",649384.68
"maxoilcubeflour","South","4",665849.05
"maxoilcubeflour","South","5",730259.47
"maxoilcubeflour","South","6",751428.89
"maxoilcubeflour","South","7",698216.64
"maxoilcubeflour","South","8",743120.75
"maxoilcubeflour","South","9",784796.37
"maxoilcubeflour","South","10",785891.60
"maxoilcubeflour","Cities","1",593400.40
"maxoilcubeflour","Cities","2",592407.83
"maxoilcubeflour","Cities","3",703923.31
"maxoilcubeflour","Cities","4",691850.83
"maxoilcubeflour","Cities","5",770130.99
"maxoilcubeflour","Cities","6",777735.67
"maxoilcubeflour","Cities","7",725576.76
"maxoilcubeflour","Cities","8",756733.66
"maxoilcubeflour","Cities","9",812555.43
"maxoilcubeflour","Cities","10",828188.32
"oilflour","North","1",314431.70
"oilflour","North","2",320186.07
"oilflour","North","3",340573.39
"oilflour","North","4",331966.62
"oilflour","North","5",357842.84
"oilflour","North","6",358666.43
"oilflour","North","7",350354.38
"oilflour","North","8",356693.65
"oilflour","North","9",377688.60
"oilflour","North","10",389562.88
"oilflour","South","1",425724.63
"oilflour","South","2",433736.35
"oilflour","South","3",464871.04
"oilflour","South","4",450138.45
"oilflour","South","5",489918.63
"oilflour","South","6",490063.57
"oilflour","South","7",475743.02
"oilflour","South","8",484571.97
"oilflour","South","9",516556.79
"oilflour","South","10",534097.74
"oilflour","Cities","1",483039.78
"oilflour","Cities","2",491993.33
"oilflour","Cities","3",525129.98
"oilflour","Cities","4",510323.46
"oilflour","Cities","5",552516.89
"oilflour","Cities","6",553282.92
"oilflour","Cities","7",538935.86
"oilflour","Cities","8",548800.97
"oilflour","Cities","9",582885.19
"oilflour","Cities","10",601880.01
"oilclinicflour","North","1",586877.78
"oilclinicflour","North","2",595814.80
"oilclinicflour","North","3",619408.77
"oilclinicflour","North","4",614002.42
"oilclinicflour","North","5",643045.63
"oilclinicflour","North","6",646983.93
"oilclinicflour","North","7",641723.37
"oilclinicflour","North","8",651040.58
"oilclinicflour","North","9",674924.76
"oilclinicflour","North","10",689591.46
"oilclinicflour","South","1",807238.69
"oilclinicflour","South","2",815976.01
"oilclinicflour","South","3",847777.41
"oilclinicflour","South","4",833652.16
"oilclinicflour","South","5",873975.47
"oilclinicflour","South","6",874607.49
"oilclinicflour","South","7",860734.14
"oilclinicflour","South","8",869972.61
"oilclinicflour","South","9",902322.53
"oilclinicflour","South","10",920185.19
"oilclinicflour","Cities","1",591727.07
"oilclinicflour","Cities","2",601458.77
"oilclinicflour","Cities","3",635373.31
"oilclinicflour","Cities","4",621347.89
"oilclinicflour","Cities","5",664328.61
"oilclinicflour","Cities","6",665896.11
"oilclinicflour","Cities","7",652371.19
"oilclinicflour","Cities","8",663083.19
"oilclinicflour","Cities","9",698044.02
"oilclinicflour","Cities","10",717951.20
"oilcubeflour","North","1",384010.51
"oilcubeflour","North","2",374144.51
"oilcubeflour","North","3",439916.74
"oilcubeflour","North","4",474214.20
"oilcubeflour","North","5",501748.38
"oilcubeflour","North","6",526742.42
"oilcubeflour","North","7",497610.35
"oilcubeflour","North","8",536347.79
"oilcubeflour","North","9",550836.52
"oilcubeflour","North","10",541917.19
"oilcubeflour","South","1",502273.84
"oilcubeflour","South","2",493100.35
"oilcubeflour","South","3",574166.60
"oilcubeflour","South","4",606636.39
"oilcubeflour","South","5",648240.61
"oilcubeflour","South","6",674977.41
"oilcubeflour","South","7",637751.09
"oilcubeflour","South","8",682223.85
"oilcubeflour","South","9",707050.65
"oilcubeflour","South","10",701714.89
"oilcubeflour","Cities","1",527343.44
"oilcubeflour","Cities","2",526350.87
"oilcubeflour","Cities","3",588385.93
"oilcubeflour","Cities","4",600898.29
"oilcubeflour","Cities","5",644147.40
"oilcubeflour","Cities","6",660303.74
"oilcubeflour","Cities","7",632699.73
"oilcubeflour","Cities","8",663194.07
"oilcubeflour","Cities","9",693135.51
"oilcubeflour","Cities","10",698890.19
"oilcubevasflour","North","1",1404868.10
"oilcubevasflour","North","2",1396046.26
"oilcubevasflour","North","3",1462881.04
"oilcubevasflour","North","4",1498250.13
"oilcubevasflour","North","5",1526852.16
"oilcubevasflour","North","6",1552897.75
"oilcubevasflour","North","7",1524794.02
"oilcubevasflour","North","8",1564535.66
"oilcubevasflour","North","9",1580004.38
"oilcubevasflour","North","10",1572037.06
"oilcubevasflour","South","1",1874446.66
"oilcubevasflour","South","2",1865579.15
"oilcubevasflour","South","3",1946929.31
"oilcubevasflour","South","4",1979659.20
"oilcubevasflour","South","5",2021497.17
"oilcubevasflour","South","6",2048440.28
"oilcubevasflour","South","7",2011396.64
"oilcubevasflour","South","8",2056034.25
"oilcubevasflour","South","9",2081011.08
"oilcubevasflour","South","10",2075810.26
"oilcubevasflour","Cities","1",1093281.57
"oilcubevasflour","Cities","2",1092732.20
"oilcubevasflour","Cities","3",1155209.12
"oilcubevasflour","Cities","4",1168165.10
"oilcubevasflour","Cities","5",1211861.74
"oilcubevasflour","Cities","6",1228472.22
"oilcubevasflour","Cities","7",1201331.91
"oilcubevasflour","Cities","8",1232302.48
"oilcubevasflour","Cities","9",1262736.48
"oilcubevasflour","Cities","10",1269003.91
"maxoilvasflour","North","1",1387612.93
"maxoilvasflour","North","2",1394411.46
"maxoilvasflour","North","3",1455054.71
"maxoilvasflour","North","4",1428045.94
"maxoilvasflour","North","5",1482738.07
"maxoilvasflour","North","6",1477839.45
"maxoilvasflour","North","7",1451105.84
"maxoilvasflour","North","8",1458974.13
"maxoilvasflour","North","9",1501448.84
"maxoilvasflour","North","10",1522099.65
"maxoilvasflour","South","1",1840902.38
"maxoilvasflour","South","2",1849220.09
"maxoilvasflour","South","3",1912851.82
"maxoilvasflour","South","4",1882373.92
"maxoilvasflour","South","5",1945194.04
"maxoilvasflour","South","6",1939977.93
"maxoilvasflour","South","7",1909854.13
"maxoilvasflour","South","8",1919279.28
"maxoilvasflour","South","9",1968262.93
"maxoilvasflour","South","10",1992369.81
"maxoilvasflour","Cities","1",1115034.87
"maxoilvasflour","Cities","2",1124431.62
"maxoilvasflour","Cities","3",1207490.55
"maxoilvasflour","Cities","4",1168542.81
"maxoilvasflour","Cities","5",1246214.82
"maxoilvasflour","Cities","6",1238883.33
"maxoilvasflour","Cities","7",1200445.08
"maxoilvasflour","Cities","8",1211448.98
"maxoilvasflour","Cities","9",1271906.08
"maxoilvasflour","Cities","10",1301291.85
"vasflour","North","1",1241135.97
"vasflour","North","2",1246501.88
"vasflour","North","3",1266496.70
"vasflour","North","4",1257483.97
"vasflour","North","5",1282927.64
"vasflour","North","6",1283278.75
"vasflour","North","7",1274446.31
"vasflour","North","8",1280215.34
"vasflour","North","9",1300589.41
"vasflour","North","10",1311787.47
"vasflour","South","1",1720512.59
"vasflour","South","2",1727652.82
"vasflour","South","3",1757875.51
"vasflour","South","4",1742188.59
"vasflour","South","5",1780969.33
"vasflour","South","6",1780067.99
"vasflour","South","7",1764657.20
"vasflour","South","8",1772356.97
"vasflour","South","9",1803176.05
"vasflour","South","10",1819513.69
"vasflour","Cities","1",930112.29
"vasflour","Cities","2",937700.40
"vasflour","Cities","3",969441.96
"vasflour","Cities","4",953213.66
"vasflour","Cities","5",993960.40
"vasflour","Cities","6",993256.54
"vasflour","Cities","7",977417.94
"vasflour","Cities","8",985771.60
"vasflour","Cities","9",1018327.33
"vasflour","Cities","10",1035779.30
"clinicflour","North","1",492724.47
"clinicflour","North","2",500228.86
"clinicflour","North","3",522367.79
"clinicflour","North","4",515483.84
"clinicflour","North","5",543026.65
"clinicflour","North","6",545440.92
"clinicflour","North","7",538631.62
"clinicflour","North","8",546374.40
"clinicflour","North","9",568657.71
"clinicflour","North","10",581696.17
"clinicflour","South","1",729853.83
"clinicflour","South","2",737413.68
"clinicflour","South","3",768019.17
"clinicflour","South","4",752679.49
"clinicflour","South","5",791769.61
"clinicflour","South","6",791149.03
"clinicflour","South","7",776002.77
"clinicflour","South","8",783947.21
"clinicflour","South","9",814981.37
"clinicflour","South","10",831505.77
"clinicflour","Cities","1",472861.45
"clinicflour","Cities","2",480784.51
"clinicflour","Cities","3",512862.10
"clinicflour","Cities","4",496971.27
"clinicflour","Cities","5",538057.78
"clinicflour","Cities","6",537701.24
"clinicflour","Cities","7",522221.08
"clinicflour","Cities","8",530945.40
"clinicflour","Cities","9",563885.19
"clinicflour","Cities","10",581736.77
"cubevasflour","North","1",1310714.78
"cubevasflour","North","2",1300460.33
"cubevasflour","North","3",1365840.05
"cubevasflour","North","4",1399731.55
"cubevasflour","North","5",1426833.18
"cubevasflour","North","6",1451354.75
"cubevasflour","North","7",1421702.27
"cubevasflour","North","8",1459869.48
"cubevasflour","North","9",1473737.33
"cubevasflour","North","10",1464141.77
"cubevasflour","South","1",1797061.80
"cubevasflour","South","2",1787016.82
"cubevasflour","South","3",1867171.07
"cubevasflour","South","4",1898686.53
"cubevasflour","South","5",1939291.32
"cubevasflour","South","6",1964981.83
"cubevasflour","South","7",1926665.27
"cubevasflour","South","8",1970008.85
"cubevasflour","South","9",1993669.91
"cubevasflour","South","10",1987130.85
"cubevasflour","Cities","1",974415.95
"cubevasflour","Cities","2",972057.94
"cubevasflour","Cities","3",1032697.91
"cubevasflour","Cities","4",1043788.48
"cubevasflour","Cities","5",1085590.91
"cubevasflour","Cities","6",1100277.36
"cubevasflour","Cities","7",1071181.81
"cubevasflour","Cities","8",1100164.70
"cubevasflour","Cities","9",1128577.65
"cubevasflour","Cities","10",1132789.48
"maxoilclinicflour","North","1",639201.43
"maxoilclinicflour","North","2",648138.44
"maxoilclinicflour","North","3",710925.79
"maxoilclinicflour","North","4",686045.82
"maxoilclinicflour","North","5",742837.09
"maxoilclinicflour","North","6",740001.62
"maxoilclinicflour","North","7",715291.16
"maxoilclinicflour","North","8",725133.19
"maxoilclinicflour","North","9",769517.14
"maxoilclinicflour","North","10",792008.35
"maxoilclinicflour","South","1",850243.62
"maxoilclinicflour","South","2",858980.95
"maxoilclinicflour","South","3",922995.48
"maxoilclinicflour","South","4",892864.81
"maxoilclinicflour","South","5",955994.32
"maxoilclinicflour","South","6",951058.97
"maxoilclinicflour","South","7",921199.70
"maxoilclinicflour","South","8",930869.51
"maxoilclinicflour","South","9",980068.25
"maxoilclinicflour","South","10",1004361.89
"maxoilclinicflour","Cities","1",657784.03
"maxoilclinicflour","Cities","2",667515.73
"maxoilclinicflour","Cities","3",750910.69
"maxoilclinicflour","Cities","4",712300.43
"maxoilclinicflour","Cities","5",790312.20
"maxoilclinicflour","Cities","6",783328.03
"maxoilclinicflour","Cities","7",745248.22
"maxoilclinicflour","Cities","8",756622.78
"maxoilclinicflour","Cities","9",817463.94
"maxoilclinicflour","Cities","10",847249.32
"maxoilcubevasflour","North","1",1457191.74
"maxoilcubevasflour","North","2",1448369.91
"maxoilcubevasflour","North","3",1554398.06
"maxoilcubevasflour","North","4",1570293.52
"maxoilcubevasflour","North","5",1626643.61
"maxoilcubevasflour","North","6",1645915.44
"maxoilcubevasflour","North","7",1598361.81
"maxoilcubevasflour","North","8",1638628.27
"maxoilcubevasflour","North","9",1674596.75
"maxoilcubevasflour","North","10",1674453.96
"maxoilcubevasflour","South","1",1917451.59
"maxoilcubevasflour","South","2",1908584.08
"maxoilcubevasflour","South","3",2022147.38
"maxoilcubevasflour","South","4",2038871.86
"maxoilcubevasflour","South","5",2103516.03
"maxoilcubevasflour","South","6",2124891.76
"maxoilcubevasflour","South","7",2071862.19
"maxoilcubevasflour","South","8",2116931.16
"maxoilcubevasflour","South","9",2158756.79
"maxoilcubevasflour","South","10",2159986.97
"maxoilcubevasflour","Cities","1",1159338.53
"maxoilcubevasflour","Cities","2",1158789.16
"maxoilcubevasflour","Cities","3",1270746.50
"maxoilcubevasflour","Cities","4",1259117.64
"maxoilcubevasflour","Cities","5",1337845.33
"maxoilcubevasflour","Cities","6",1345904.15
"maxoilcubevasflour","Cities","7",1294208.95
"maxoilcubevasflour","Cities","8",1325842.08
"maxoilcubevasflour","Cities","9",1382156.40
"maxoilcubevasflour","Cities","10",1398302.03
"cliniccubeflour","North","1",562303.28
"cliniccubeflour","North","2",554187.30
"cliniccubeflour","North","3",621711.14
"cliniccubeflour","North","4",657731.43
"cliniccubeflour","North","5",686932.19
"cliniccubeflour","North","6",713516.91
"cliniccubeflour","North","7",685887.59
"cliniccubeflour","North","8",726028.53
"cliniccubeflour","North","9",741805.63
"cliniccubeflour","North","10",734050.47
"cliniccubeflour","South","1",806403.05
"cliniccubeflour","South","2",796777.68
"cliniccubeflour","South","3",877314.74
"cliniccubeflour","South","4",909177.43
"cliniccubeflour","South","5",950091.60
"cliniccubeflour","South","6",976062.87
"cliniccubeflour","South","7",938010.84
"cliniccubeflour","South","8",981599.09
"cliniccubeflour","South","9",1005475.23
"cliniccubeflour","South","10",999122.93
"cliniccubeflour","Cities","1",517165.11
"cliniccubeflour","Cities","2",515142.05
"cliniccubeflour","Cities","3",576118.06
"cliniccubeflour","Cities","4",587546.09
"cliniccubeflour","Cities","5",629688.28
"cliniccubeflour","Cities","6",644722.06
"cliniccubeflour","Cities","7",615984.94
"cliniccubeflour","Cities","8",645338.50
"cliniccubeflour","Cities","9",674135.51
"cliniccubeflour","Cities","10",678746.95
"oilcubeclinicflour","North","1",656456.59
"oilcubeclinicflour","North","2",649773.24
"oilcubeclinicflour","North","3",718752.13
"oilcubeclinicflour","North","4",756250.00
"oilcubeclinicflour","North","5",786951.17
"oilcubeclinicflour","North","6",815059.92
"oilcubeclinicflour","North","7",788979.34
"oilcubeclinicflour","North","8",830694.72
"oilcubeclinicflour","North","9",848072.68
"oilcubeclinicflour","North","10",841945.76
"oilcubeclinicflour","South","1",883787.90
"oilcubeclinicflour","South","2",875340.01
"oilcubeclinicflour","South","3",957072.97
"oilcubeclinicflour","South","4",990150.10
"oilcubeclinicflour","South","5",1032297.45
"oilcubeclinicflour","South","6",1059521.33
"oilcubeclinicflour","South","7",1022742.21
"oilcubeclinicflour","South","8",1067624.49
"oilcubeclinicflour","South","9",1092816.40
"oilcubeclinicflour","South","10",1087802.34
"oilcubeclinicflour","Cities","1",636030.73
"oilcubeclinicflour","Cities","2",635816.31
"oilcubeclinicflour","Cities","3",698629.27
"oilcubeclinicflour","Cities","4",711922.71
"oilcubeclinicflour","Cities","5",755959.11
"oilcubeclinicflour","Cities","6",772916.93
"oilcubeclinicflour","Cities","7",746135.05
"oilcubeclinicflour","Cities","8",777476.28
"oilcubeclinicflour","Cities","9",808294.34
"oilcubeclinicflour","Cities","10",814961.38
"maxoilcubeclinicflour","North","1",708780.24
"maxoilcubeclinicflour","North","2",702096.88
"maxoilcubeclinicflour","North","3",810269.14
"maxoilcubeclinicflour","North","4",828293.40
"maxoilcubeclinicflour","North","5",886742.62
"maxoilcubeclinicflour","North","6",908077.61
"maxoilcubeclinicflour","North","7",862547.13
"maxoilcubeclinicflour","North","8",904787.32
"maxoilcubeclinicflour","North","9",942665.05
"maxoilcubeclinicflour","North","10",944362.66
"maxoilcubeclinicflour","South","1",926792.83
"maxoilcubeclinicflour","South","2",918344.95
"maxoilcubeclinicflour","South","3",1032291.05
"maxoilcubeclinicflour","South","4",1049362.76
"maxoilcubeclinicflour","South","5",1114316.31
"maxoilcubeclinicflour","South","6",1135972.81
"maxoilcubeclinicflour","South","7",1083207.76
"maxoilcubeclinicflour","South","8",1128521.39
"maxoilcubeclinicflour","South","9",1170562.11
"maxoilcubeclinicflour","South","10",1171979.05
"maxoilcubeclinicflour","Cities","1",702087.69
"maxoilcubeclinicflour","Cities","2",701873.27
"maxoilcubeclinicflour","Cities","3",814166.64
"maxoilcubeclinicflour","Cities","4",802875.25
"maxoilcubeclinicflour","Cities","5",881942.70
"maxoilcubeclinicflour","Cities","6",890348.85
"maxoilcubeclinicflour","Cities","7",839012.09
"maxoilcubeclinicflour","Cities","8",871015.88
"maxoilcubeclinicflour","Cities","9",927714.25
"maxoilcubeclinicflour","Cities","10",944259.50
"cubeflourzcube","North","1",289857.19
"cubeflourzcube","North","2",278558.57
"cubeflourzcube","North","3",342875.76
"cubeflourzcube","North","4",387649.04
"cubeflourzcube","North","5",413951.37
"cubeflourzcube","North","6",437691.82
"cubeflourzcube","North","7",407283.27
"cubeflourzcube","North","8",444720.20
"cubeflourzcube","North","9",457883.42
"cubeflourzcube","North","10",447612.39
"cubeflourzcube","South","1",424888.99
"cubeflourzcube","South","2",414538.02
"cubeflourzcube","South","3",494408.37
"cubeflourzcube","South","4",538814.63
"cubeflourzcube","South","5",579481.12
"cubeflourzcube","South","6",605262.85
"cubeflourzcube","South","7",567063.14
"cubeflourzcube","South","8",610543.25
"cubeflourzcube","South","9",634357.24
"cubeflourzcube","South","10",627987.47
"cubeflourzcube","Cities","1",408477.82
"cubeflourzcube","Cities","2",405676.61
"cubeflourzcube","Cities","3",465874.72
"cubeflourzcube","Cities","4",484132.89
"cubeflourzcube","Cities","5",525658.79
"cubeflourzcube","Cities","6",540063.30
"cubeflourzcube","Cities","7",510677.40
"cubeflourzcube","Cities","8",539358.49
"cubeflourzcube","Cities","9",567454.22
"cubeflourzcube","Cities","10",571329.38
"oilvasflourzcube","North","1",1404868.10
"oilvasflourzcube","North","2",1396046.26
"oilvasflourzcube","North","3",1462881.04
"oilvasflourzcube","North","4",1435724.59
"oilvasflourzcube","North","5",1462921.88
"oilvasflourzcube","North","6",1487552.84
"oilvasflourzcube","North","7",1458025.00
"oilvasflourzcube","North","8",1496333.78
"oilvasflourzcube","North","9",1510362.15
"oilvasflourzcube","North","10",1500948.34
"oilvasflourzcube","South","1",1874446.66
"oilvasflourzcube","South","2",1865579.15
"oilvasflourzcube","South","3",1946929.31
"oilvasflourzcube","South","4",1910869.86
"oilvasflourzcube","South","5",1951162.36
"oilvasflourzcube","South","6",1976549.13
"oilvasflourzcube","South","7",1937938.70
"oilvasflourzcube","South","8",1980999.91
"oilvasflourzcube","South","9",2004392.10
"oilvasflourzcube","South","10",1997599.87
"oilvasflourzcube","Cities","1",1093281.57
"oilvasflourzcube","Cities","2",1092732.20
"oilvasflourzcube","Cities","3",1155209.12
"oilvasflourzcube","Cities","4",1128352.55
"oilvasflourzcube","Cities","5",1171154.73
"oilvasflourzcube","Cities","6",1186864.47
"oilvasflourzcube","Cities","7",1158817.36
"oilvasflourzcube","Cities","8",1188875.57
"oilvasflourzcube","Cities","9",1218392.45
"oilvasflourzcube","Cities","10",1223738.83
"maxoilflourzcube","North","1",436334.15
"maxoilflourzcube","North","2",426468.15
"maxoilflourzcube","North","3",531433.76
"maxoilflourzcube","North","4",483732.06
"maxoilflourzcube","North","5",537609.56
"maxoilflourzcube","North","6",554415.21
"maxoilflourzcube","North","7",504409.12
"maxoilflourzcube","North","8",542238.51
"maxoilflourzcube","North","9",575786.66
"maxoilflourzcube","North","10",984.22
"maxoilflourzcube","South","1",545278.78
"maxoilflourzcube","South","2",536105.29
"maxoilflourzcube","South","3",649384.68
"maxoilflourzcube","South","4",597059.70
"maxoilflourzcube","South","5",659924.65
"maxoilflourzcube","South","6",679537.74
"maxoilflourzcube","South","7",624758.70
"maxoilflourzcube","South","8",668086.41
"maxoilflourzcube","South","9",708177.39
"maxoilflourzcube","South","10",657.74
"maxoilflourzcube","Cities","1",593400.40
"maxoilflourzcube","Cities","2",592407.83
"maxoilflourzcube","Cities","3",703923.31
"maxoilflourzcube","Cities","4",652038.27
"maxoilflourzcube","Cities","5",729423.98
"maxoilflourzcube","Cities","6",736127.91
"maxoilflourzcube","Cities","7",683062.21
"maxoilflourzcube","Cities","8",713306.75
"maxoilflourzcube","Cities","9",768211.39
"maxoilflourzcube","Cities","10",697.00
"maxoilcubeflourzcube","North","1",436334.15
"maxoilcubeflourzcube","North","2",426468.15
"maxoilcubeflourzcube","North","3",531433.76
"maxoilcubeflourzcube","North","4",558211.01
"maxoilcubeflourzcube","North","5",613761.80
"maxoilcubeflourzcube","North","6",632252.52
"maxoilcubeflourzcube","North","7",583942.81
"maxoilcubeflourzcube","North","8",623478.98
"maxoilcubeflourzcube","North","9",658742.85
"maxoilcubeflourzcube","North","10",657924.57
"maxoilcubeflourzcube","South","1",545278.78
"maxoilcubeflourzcube","South","2",536105.29
"maxoilcubeflourzcube","South","3",649384.68
"maxoilcubeflourzcube","South","4",678999.95
"maxoilcubeflourzcube","South","5",743705.83
"maxoilcubeflourzcube","South","6",765172.79
"maxoilcubeflourzcube","South","7",712260.07
"maxoilcubeflourzcube","South","8",757465.55
"maxoilcubeflourzcube","South","9",799444.12
"maxoilcubeflourzcube","South","10",800843.59
"maxoilcubeflourzcube","Cities","1",593400.40
"maxoilcubeflourzcube","Cities","2",592407.83
"maxoilcubeflourzcube","Cities","3",703923.31
"maxoilcubeflourzcube","Cities","4",699462.05
"maxoilcubeflourzcube","Cities","5",777913.21
"maxoilcubeflourzcube","Cities","6",785690.09
"maxoilcubeflourzcube","Cities","7",733704.55
"maxoilcubeflourzcube","Cities","8",765035.87
"maxoilcubeflourzcube","Cities","9",821032.96
"maxoilcubeflourzcube","Cities","10",836841.94
"oilflourzcube","North","1",384010.51
"oilflourzcube","North","2",374144.51
"oilflourzcube","North","3",439916.74
"oilflourzcube","North","4",411688.66
"oilflourzcube","North","5",437818.10
"oilflourzcube","North","6",461397.51
"oilflourzcube","North","7",430841.33
"oilflourzcube","North","8",468145.90
"oilflourzcube","North","9",481194.29
"oilflourzcube","North","10",470828.46
"oilflourzcube","South","1",502273.84
"oilflourzcube","South","2",493100.35
"oilflourzcube","South","3",574166.60
"oilflourzcube","South","4",537847.05
"oilflourzcube","South","5",577905.80
"oilflourzcube","South","6",603086.26
"oilflourzcube","South","7",564293.15
"oilflourzcube","South","8",607189.51
"oilflourzcube","South","9",630431.67
"oilflourzcube","South","10",623504.50
"oilflourzcube","Cities","1",527343.44
"oilflourzcube","Cities","2",526350.87
"oilflourzcube","Cities","3",588385.93
"oilflourzcube","Cities","4",561085.73
"oilflourzcube","Cities","5",603440.39
"oilflourzcube","Cities","6",618695.98
"oilflourzcube","Cities","7",590185.18
"oilflourzcube","Cities","8",619767.15
"oilflourzcube","Cities","9",648791.47
"oilflourzcube","Cities","10",653625.11
"oilclinicflourzcube","North","1",656456.59
"oilclinicflourzcube","North","2",649773.24
"oilclinicflourzcube","North","3",718752.13
"oilclinicflourzcube","North","4",693724.47
"oilclinicflourzcube","North","5",723020.89
"oilclinicflourzcube","North","6",749715.01
"oilclinicflourzcube","North","7",722210.32
"oilclinicflourzcube","North","8",762492.84
"oilclinicflourzcube","North","9",778430.45
"oilclinicflourzcube","North","10",770857.04
"oilclinicflourzcube","South","1",883787.90
"oilclinicflourzcube","South","2",875340.01
"oilclinicflourzcube","South","3",957072.97
"oilclinicflourzcube","South","4",921360.76
"oilclinicflourzcube","South","5",961962.64
"oilclinicflourzcube","South","6",987630.17
"oilclinicflourzcube","South","7",949284.27
"oilclinicflourzcube","South","8",992590.15
"oilclinicflourzcube","South","9",1016197.41
"oilclinicflourzcube","South","10",1009591.95
"oilclinicflourzcube","Cities","1",636030.73
"oilclinicflourzcube","Cities","2",635816.31
"oilclinicflourzcube","Cities","3",698629.27
"oilclinicflourzcube","Cities","4",672110.16
"oilclinicflourzcube","Cities","5",715252.10
"oilclinicflourzcube","Cities","6",731309.17
"oilclinicflourzcube","Cities","7",703620.50
"oilclinicflourzcube","Cities","8",734049.37
"oilclinicflourzcube","Cities","9",763950.30
"oilclinicflourzcube","Cities","10",769696.30
"oilcubeflourzcube","North","1",384010.51
"oilcubeflourzcube","North","2",374144.51
"oilcubeflourzcube","North","3",439916.74
"oilcubeflourzcube","North","4",486167.61
"oilcubeflourzcube","North","5",513970.35
"oilcubeflourzcube","North","6",539234.83
"oilcubeflourzcube","North","7",510375.02
"oilcubeflourzcube","North","8",549386.38
"oilcubeflourzcube","North","9",564150.47
"oilcubeflourzcube","North","10",555507.68
"oilcubeflourzcube","South","1",502273.84
"oilcubeflourzcube","South","2",493100.35
"oilcubeflourzcube","South","3",574166.60
"oilcubeflourzcube","South","4",619787.29
"oilcubeflourzcube","South","5",661686.97
"oilcubeflourzcube","South","6",688721.31
"oilcubeflourzcube","South","7",651794.52
"oilcubeflourzcube","South","8",696568.65
"oilcubeflourzcube","South","9",721698.40
"oilcubeflourzcube","South","10",716666.88
"oilcubeflourzcube","Cities","1",527343.44
"oilcubeflourzcube","Cities","2",526350.87
"oilcubeflourzcube","Cities","3",588385.93
"oilcubeflourzcube","Cities","4",608509.51
"oilcubeflourzcube","Cities","5",651929.62
"oilcubeflourzcube","Cities","6",668258.16
"oilcubeflourzcube","Cities","7",640827.51
"oilcubeflourzcube","Cities","8",671496.27
"oilcubeflourzcube","Cities","9",701613.05
"oilcubeflourzcube","Cities","10",707543.81
"oilcubevasflourzcube","North","1",1404868.10
"oilcubevasflourzcube","North","2",1396046.26
"oilcubevasflourzcube","North","3",1462881.04
"oilcubevasflourzcube","North","4",1510203.54
"oilcubevasflourzcube","North","5",1539074.12
"oilcubevasflourzcube","North","6",1565390.16
"oilcubevasflourzcube","North","7",1537558.69
"oilcubevasflourzcube","North","8",1577574.26
"oilcubevasflourzcube","North","9",1593318.33
"oilcubevasflourzcube","North","10",1585627.55
"oilcubevasflourzcube","South","1",1874446.66
"oilcubevasflourzcube","South","2",1865579.15
"oilcubevasflourzcube","South","3",1946929.31
"oilcubevasflourzcube","South","4",1992810.11
"oilcubevasflourzcube","South","5",2034943.54
"oilcubevasflourzcube","South","6",2062184.18
"oilcubevasflourzcube","South","7",2025440.07
"oilcubevasflourzcube","South","8",2070379.05
"oilcubevasflourzcube","South","9",2095658.82
"oilcubevasflourzcube","South","10",2090762.25
"oilcubevasflourzcube","Cities","1",1093281.57
"oilcubevasflourzcube","Cities","2",1092732.20
"oilcubevasflourzcube","Cities","3",1155209.12
"oilcubevasflourzcube","Cities","4",1175776.32
"oilcubevasflourzcube","Cities","5",1219643.96
"oilcubevasflourzcube","Cities","6",1236426.65
"oilcubevasflourzcube","Cities","7",1209459.69
"oilcubevasflourzcube","Cities","8",1240604.69
"oilcubevasflourzcube","Cities","9",1271214.02
"oilcubevasflourzcube","Cities","10",1277657.53
"maxoilvasflourzcube","North","1",1457191.74
"maxoilvasflourzcube","North","2",1448369.91
"maxoilvasflourzcube","North","3",1554398.06
"maxoilvasflourzcube","North","4",1507767.99
"maxoilvasflourzcube","North","5",1562713.33
"maxoilvasflourzcube","North","6",1580570.54
"maxoilvasflourzcube","North","7",1531592.79
"maxoilvasflourzcube","North","8",1570426.38
"maxoilvasflourzcube","North","9",1604954.53
"maxoilvasflourzcube","North","10",1603365.23
"maxoilvasflourzcube","South","1",1917451.59
"maxoilvasflourzcube","South","2",1908584.08
"maxoilvasflourzcube","South","3",2022147.38
"maxoilvasflourzcube","South","4",1970082.52
"maxoilvasflourzcube","South","5",2033181.22
"maxoilvasflourzcube","South","6",2053000.61
"maxoilvasflourzcube","South","7",1998404.25
"maxoilvasflourzcube","South","8",2041896.81
"maxoilvasflourzcube","South","9",2082137.81
"maxoilvasflourzcube","South","10",2081776.58
"maxoilvasflourzcube","Cities","1",1159338.53
"maxoilvasflourzcube","Cities","2",1158789.16
"maxoilvasflourzcube","Cities","3",1270746.50
"maxoilvasflourzcube","Cities","4",1219305.08
"maxoilvasflourzcube","Cities","5",1297138.32
"maxoilvasflourzcube","Cities","6",1304296.39
"maxoilvasflourzcube","Cities","7",1251694.40
"maxoilvasflourzcube","Cities","8",1282415.16
"maxoilvasflourzcube","Cities","9",1337812.36
"maxoilvasflourzcube","Cities","10",1353036.95
"vasflourzcube","North","1",1310714.78
"vasflourzcube","North","2",1300460.33
"vasflourzcube","North","3",1365840.05
"vasflourzcube","North","4",1337206.02
"vasflourzcube","North","5",1362902.90
"vasflourzcube","North","6",1386009.84
"vasflourzcube","North","7",1354933.25
"vasflourzcube","North","8",1391667.60
"vasflourzcube","North","9",1404095.10
"vasflourzcube","North","10",1393053.05
"vasflourzcube","South","1",1797061.80
"vasflourzcube","South","2",1787016.82
"vasflourzcube","South","3",1867171.07
"vasflourzcube","South","4",1829897.19
"vasflourzcube","South","5",1868956.51
"vasflourzcube","South","6",1893090.67
"vasflourzcube","South","7",1853207.33
"vasflourzcube","South","8",1894974.50
"vasflourzcube","South","9",1917050.93
"vasflourzcube","South","10",1908920.45
"vasflourzcube","Cities","1",974415.95
"vasflourzcube","Cities","2",972057.94
"vasflourzcube","Cities","3",1032697.91
"vasflourzcube","Cities","4",1003975.93
"vasflourzcube","Cities","5",1044883.90
"vasflourzcube","Cities","6",1058669.60
"vasflourzcube","Cities","7",1028667.26
"vasflourzcube","Cities","8",1056737.78
"vasflourzcube","Cities","9",1084233.62
"vasflourzcube","Cities","10",1087524.40
"clinicflourzcube","North","1",562303.28
"clinicflourzcube","North","2",554187.30
"clinicflourzcube","North","3",621711.14
"clinicflourzcube","North","4",595205.89
"clinicflourzcube","North","5",623001.91
"clinicflourzcube","North","6",648172.01
"clinicflourzcube","North","7",619118.57
"clinicflourzcube","North","8",657826.65
"clinicflourzcube","North","9",672163.40
"clinicflourzcube","North","10",662961.75
"clinicflourzcube","South","1",806403.05
"clinicflourzcube","South","2",796777.68
"clinicflourzcube","South","3",877314.74
"clinicflourzcube","South","4",840388.09
"clinicflourzcube","South","5",879756.79
"clinicflourzcube","South","6",904171.72
"clinicflourzcube","South","7",864552.90
"clinicflourzcube","South","8",906564.74
"clinicflourzcube","South","9",928856.25
"clinicflourzcube","South","10",920912.53
"clinicflourzcube","Cities","1",517165.11
"clinicflourzcube","Cities","2",515142.05
"clinicflourzcube","Cities","3",576118.06
"clinicflourzcube","Cities","4",547733.54
"clinicflourzcube","Cities","5",588981.27
"clinicflourzcube","Cities","6",603114.30
"clinicflourzcube","Cities","7",573470.39
"clinicflourzcube","Cities","8",601911.59
"clinicflourzcube","Cities","9",629791.47
"clinicflourzcube","Cities","10",633481.87
"cubevasflourzcube","North","1",1310714.78
"cubevasflourzcube","North","2",1300460.33
"cubevasflourzcube","North","3",1365840.05
"cubevasflourzcube","North","4",1411684.96
"cubevasflourzcube","North","5",1439055.14
"cubevasflourzcube","North","6",1463847.15
"cubevasflourzcube","North","7",1434466.94
"cubevasflourzcube","North","8",1472908.07
"cubevasflourzcube","North","9",1487051.28
"cubevasflourzcube","North","10",1477732.27
"cubevasflourzcube","South","1",1797061.80
"cubevasflourzcube","South","2",1787016.82
"cubevasflourzcube","South","3",1867171.07
"cubevasflourzcube","South","4",1911837.44
"cubevasflourzcube","South","5",1952737.68
"cubevasflourzcube","South","6",1978725.73
"cubevasflourzcube","South","7",1940708.70
"cubevasflourzcube","South","8",1984353.65
"cubevasflourzcube","South","9",2008317.66
"cubevasflourzcube","South","10",2002082.83
"cubevasflourzcube","Cities","1",974415.95
"cubevasflourzcube","Cities","2",972057.94
"cubevasflourzcube","Cities","3",1032697.91
"cubevasflourzcube","Cities","4",1051399.70
"cubevasflourzcube","Cities","5",1093373.13
"cubevasflourzcube","Cities","6",1108231.78
"cubevasflourzcube","Cities","7",1079309.59
"cubevasflourzcube","Cities","8",1108466.90
"cubevasflourzcube","Cities","9",1137055.19
"cubevasflourzcube","Cities","10",1141443.10
"maxoilclinicflourzcube","North","1",708780.24
"maxoilclinicflourzcube","North","2",702096.88
"maxoilclinicflourzcube","North","3",810269.14
"maxoilclinicflourzcube","North","4",765767.86
"maxoilclinicflourzcube","North","5",822812.34
"maxoilclinicflourzcube","North","6",842732.71
"maxoilclinicflourzcube","North","7",795778.11
"maxoilclinicflourzcube","North","8",836585.44
"maxoilclinicflourzcube","North","9",873022.83
"maxoilclinicflourzcube","North","10",873273.93
"maxoilclinicflourzcube","South","1",926792.83
"maxoilclinicflourzcube","South","2",918344.95
"maxoilclinicflourzcube","South","3",1032291.05
"maxoilclinicflourzcube","South","4",980573.41
"maxoilclinicflourzcube","South","5",1043981.49
"maxoilclinicflourzcube","South","6",1064081.65
"maxoilclinicflourzcube","South","7",1009749.82
"maxoilclinicflourzcube","South","8",1053487.05
"maxoilclinicflourzcube","South","9",1093943.13
"maxoilclinicflourzcube","South","10",1093768.66
"maxoilclinicflourzcube","Cities","1",702087.69
"maxoilclinicflourzcube","Cities","2",701873.27
"maxoilclinicflourzcube","Cities","3",814166.64
"maxoilclinicflourzcube","Cities","4",763062.70
"maxoilclinicflourzcube","Cities","5",841235.70
"maxoilclinicflourzcube","Cities","6",848741.10
"maxoilclinicflourzcube","Cities","7",796497.53
"maxoilclinicflourzcube","Cities","8",827588.97
"maxoilclinicflourzcube","Cities","9",883370.22
"maxoilclinicflourzcube","Cities","10",898994.42
"maxoilcubevasflourzcube","North","1",1457191.74
"maxoilcubevasflourzcube","North","2",1448369.91
"maxoilcubevasflourzcube","North","3",1554398.06
"maxoilcubevasflourzcube","North","4",1582246.94
"maxoilcubevasflourzcube","North","5",1638865.58
"maxoilcubevasflourzcube","North","6",1658407.85
"maxoilcubevasflourzcube","North","7",1611126.48
"maxoilcubevasflourzcube","North","8",1651666.86
"maxoilcubevasflourzcube","North","9",1687910.71
"maxoilcubevasflourzcube","North","10",1688044.45
"maxoilcubevasflourzcube","South","1",1917451.59
"maxoilcubevasflourzcube","South","2",1908584.08
"maxoilcubevasflourzcube","South","3",2022147.38
"maxoilcubevasflourzcube","South","4",2052022.76
"maxoilcubevasflourzcube","South","5",2116962.39
"maxoilcubevasflourzcube","South","6",2138635.66
"maxoilcubevasflourzcube","South","7",2085905.62
"maxoilcubevasflourzcube","South","8",2131275.96
"maxoilcubevasflourzcube","South","9",2173404.54
"maxoilcubevasflourzcube","South","10",2174938.96
"maxoilcubevasflourzcube","Cities","1",1159338.53
"maxoilcubevasflourzcube","Cities","2",1158789.16
"maxoilcubevasflourzcube","Cities","3",1270746.50
"maxoilcubevasflourzcube","Cities","4",1266728.86
"maxoilcubevasflourzcube","Cities","5",1345627.55
"maxoilcubevasflourzcube","Cities","6",1353858.58
"maxoilcubevasflourzcube","Cities","7",1302336.73
"maxoilcubevasflourzcube","Cities","8",1334144.28
"maxoilcubevasflourzcube","Cities","9",1390633.93
"maxoilcubevasflourzcube","Cities","10",1406955.65
"cliniccubeflourzcube","North","1",562303.28
"cliniccubeflourzcube","North","2",554187.30
"cliniccubeflourzcube","North","3",621711.14
"cliniccubeflourzcube","North","4",669684.84
"cliniccubeflourzcube","North","5",699154.16
"cliniccubeflourzcube","North","6",726009.32
"cliniccubeflourzcube","North","7",698652.26
"cliniccubeflourzcube","North","8",739067.13
"cliniccubeflourzcube","North","9",755119.58
"cliniccubeflourzcube","North","10",747640.97
"cliniccubeflourzcube","South","1",806403.05
"cliniccubeflourzcube","South","2",796777.68
"cliniccubeflourzcube","South","3",877314.74
"cliniccubeflourzcube","South","4",922328.34
"cliniccubeflourzcube","South","5",963537.96
"cliniccubeflourzcube","South","6",989806.77
"cliniccubeflourzcube","South","7",952054.27
"cliniccubeflourzcube","South","8",995943.89
"cliniccubeflourzcube","South","9",1020122.98
"cliniccubeflourzcube","South","10",1014074.91
"cliniccubeflourzcube","Cities","1",517165.11
"cliniccubeflourzcube","Cities","2",515142.05
"cliniccubeflourzcube","Cities","3",576118.06
"cliniccubeflourzcube","Cities","4",595157.32
"cliniccubeflourzcube","Cities","5",637470.51
"cliniccubeflourzcube","Cities","6",652676.48
"cliniccubeflourzcube","Cities","7",624112.73
"cliniccubeflourzcube","Cities","8",653640.70
"cliniccubeflourzcube","Cities","9",682613.05
"cliniccubeflourzcube","Cities","10",687400.57
"oilcubeclinicflourzcube","North","1",656456.59
"oilcubeclinicflourzcube","North","2",649773.24
"oilcubeclinicflourzcube","North","3",718752.13
"oilcubeclinicflourzcube","North","4",768203.41
"oilcubeclinicflourzcube","North","5",799173.13
"oilcubeclinicflourzcube","North","6",827552.33
"oilcubeclinicflourzcube","North","7",801744.00
"oilcubeclinicflourzcube","North","8",843733.31
"oilcubeclinicflourzcube","North","9",861386.63
"oilcubeclinicflourzcube","North","10",855536.26
"oilcubeclinicflourzcube","South","1",883787.90
"oilcubeclinicflourzcube","South","2",875340.01
"oilcubeclinicflourzcube","South","3",957072.97
"oilcubeclinicflourzcube","South","4",1003301.00
"oilcubeclinicflourzcube","South","5",1045743.81
"oilcubeclinicflourzcube","South","6",1073265.22
"oilcubeclinicflourzcube","South","7",1036785.64
"oilcubeclinicflourzcube","South","8",1081969.29
"oilcubeclinicflourzcube","South","9",1107464.14
"oilcubeclinicflourzcube","South","10",1102754.33
"oilcubeclinicflourzcube","Cities","1",636030.73
"oilcubeclinicflourzcube","Cities","2",635816.31
"oilcubeclinicflourzcube","Cities","3",698629.27
"oilcubeclinicflourzcube","Cities","4",719533.93
"oilcubeclinicflourzcube","Cities","5",763741.34
"oilcubeclinicflourzcube","Cities","6",780871.35
"oilcubeclinicflourzcube","Cities","7",754262.83
"oilcubeclinicflourzcube","Cities","8",785778.49
"oilcubeclinicflourzcube","Cities","9",816771.88
"oilcubeclinicflourzcube","Cities","10",823615.00
"maxoilcubeclinicflourzcube","North","1",708780.24
"maxoilcubeclinicflourzcube","North","2",702096.88
"maxoilcubeclinicflourzcube","North","3",810269.14
"maxoilcubeclinicflourzcube","North","4",840246.81
"maxoilcubeclinicflourzcube","North","5",898964.59
"maxoilcubeclinicflourzcube","North","6",920570.02
"maxoilcubeclinicflourzcube","North","7",875311.79
"maxoilcubeclinicflourzcube","North","8",917825.92
"maxoilcubeclinicflourzcube","North","9",955979.01
"maxoilcubeclinicflourzcube","North","10",957953.15
"maxoilcubeclinicflourzcube","South","1",926792.83
"maxoilcubeclinicflourzcube","South","2",918344.95
"maxoilcubeclinicflourzcube","South","3",1032291.05
"maxoilcubeclinicflourzcube","South","4",1062513.66
"maxoilcubeclinicflourzcube","South","5",1127762.67
"maxoilcubeclinicflourzcube","South","6",1149716.70
"maxoilcubeclinicflourzcube","South","7",1097251.19
"maxoilcubeclinicflourzcube","South","8",1142866.19
"maxoilcubeclinicflourzcube","South","9",1185209.86
"maxoilcubeclinicflourzcube","South","10",1186931.04
"maxoilcubeclinicflourzcube","Cities","1",702087.69
"maxoilcubeclinicflourzcube","Cities","2",701873.27
"maxoilcubeclinicflourzcube","Cities","3",814166.64
"maxoilcubeclinicflourzcube","Cities","4",810486.47
"maxoilcubeclinicflourzcube","Cities","5",889724.93
"maxoilcubeclinicflourzcube","Cities","6",898303.28
"maxoilcubeclinicflourzcube","Cities","7",847139.87
"maxoilcubeclinicflourzcube","Cities","8",879318.08
"maxoilcubeclinicflourzcube","Cities","9",936191.79
"maxoilcubeclinicflourzcube","Cities","10",952913.12
