"intervention","space","time","lives_saved"
"zcube","North","1",0.00
"zcube","North","2",0.00
"zcube","North","3",0.00
"zcube","North","4",0.00
"zcube","North","5",0.00
"zcube","North","6",0.00
"zcube","North","7",0.00
"zcube","North","8",0.00
"zcube","North","9",0.00
"zcube","North","10",0.00
"zcube","South","1",0.00
"zcube","South","2",0.00
"zcube","South","3",0.00
"zcube","South","4",0.00
"zcube","South","5",0.00
"zcube","South","6",0.00
"zcube","South","7",0.00
"zcube","South","8",0.00
"zcube","South","9",0.00
"zcube","South","10",0.00
"zcube","Cities","1",0.00
"zcube","Cities","2",0.00
"zcube","Cities","3",0.00
"zcube","Cities","4",0.00
"zcube","Cities","5",0.00
"zcube","Cities","6",0.00
"zcube","Cities","7",0.00
"zcube","Cities","8",0.00
"zcube","Cities","9",0.00
"zcube","Cities","10",0.00
"flour","North","1",503.07
"flour","North","2",507.40
"flour","North","3",511.73
"flour","North","4",518.42
"flour","North","5",525.71
"flour","North","6",533.73
"flour","North","7",543.46
"flour","North","8",553.55
"flour","North","9",564.82
"flour","North","10",576.98
"flour","South","1",612.56
"flour","South","2",616.52
"flour","South","3",619.24
"flour","South","4",622.96
"flour","South","5",625.67
"flour","South","6",627.15
"flour","South","7",630.37
"flour","South","8",631.60
"flour","South","9",633.34
"flour","South","10",634.07
"flour","Cities","1",528.06
"flour","Cities","2",543.51
"flour","Cities","3",557.69
"flour","Cities","4",572.59
"flour","Cities","5",586.05
"flour","Cities","6",599.50
"flour","Cities","7",611.50
"flour","Cities","8",624.95
"flour","Cities","9",635.95
"flour","Cities","10",645.94
"flourzcube","North","1",503.07
"flourzcube","North","2",507.40
"flourzcube","North","3",511.73
"flourzcube","North","4",770.63
"flourzcube","North","5",781.58
"flourzcube","North","6",793.53
"flourzcube","North","7",807.47
"flourzcube","North","8",822.90
"flourzcube","North","9",839.59
"flourzcube","North","10",857.51
"flourzcube","South","1",612.56
"flourzcube","South","2",616.52
"flourzcube","South","3",619.24
"flourzcube","South","4",916.91
"flourzcube","South","5",920.24
"flourzcube","South","6",924.24
"flourzcube","South","7",927.91
"flourzcube","South","8",930.58
"flourzcube","South","9",932.58
"flourzcube","South","10",932.58
"flourzcube","Cities","1",528.06
"flourzcube","Cities","2",543.51
"flourzcube","Cities","3",557.69
"flourzcube","Cities","4",665.89
"flourzcube","Cities","5",681.35
"flourzcube","Cities","6",697.82
"flourzcube","Cities","7",711.52
"flourzcube","Cities","8",726.99
"flourzcube","Cities","9",739.69
"flourzcube","Cities","10",752.40
"cube","North","1",0.00
"cube","North","2",0.00
"cube","North","3",0.00
"cube","North","4",909.05
"cube","North","5",923.49
"cube","North","6",937.98
"cube","North","7",953.53
"cube","North","8",971.42
"cube","North","9",992.08
"cube","North","10",1013.79
"cube","South","1",0.00
"cube","South","2",0.00
"cube","South","3",0.00
"cube","South","4",838.89
"cube","South","5",842.14
"cube","South","6",844.82
"cube","South","7",847.95
"cube","South","8",850.63
"cube","South","9",852.19
"cube","South","10",852.75
"cube","Cities","1",0.00
"cube","Cities","2",0.00
"cube","Cities","3",0.00
"cube","Cities","4",361.24
"cube","Cities","5",368.74
"cube","Cities","6",376.82
"cube","Cities","7",385.09
"cube","Cities","8",391.77
"cube","Cities","9",398.44
"cube","Cities","10",403.71
"oilvas","North","1",1359.51
"oilvas","North","2",1368.50
"oilvas","North","3",1379.12
"oilvas","North","4",1394.64
"oilvas","North","5",1414.25
"oilvas","North","6",1436.31
"oilvas","North","7",1460.82
"oilvas","North","8",1486.15
"oilvas","North","9",1515.56
"oilvas","North","10",1547.43
"oilvas","South","1",607.37
"oilvas","South","2",609.97
"oilvas","South","3",614.30
"oilvas","South","4",616.90
"oilvas","South","5",620.37
"oilvas","South","6",622.97
"oilvas","South","7",624.70
"oilvas","South","8",627.30
"oilvas","South","9",628.17
"oilvas","South","10",629.03
"oilvas","Cities","1",293.70
"oilvas","Cities","2",303.22
"oilvas","Cities","3",311.16
"oilvas","Cities","4",319.10
"oilvas","Cities","5",327.83
"oilvas","Cities","6",335.77
"oilvas","Cities","7",342.12
"oilvas","Cities","8",349.26
"oilvas","Cities","9",356.40
"oilvas","Cities","10",362.75
"maxoil","North","1",405.98
"maxoil","North","2",408.67
"maxoil","North","3",525.64
"maxoil","North","4",531.55
"maxoil","North","5",539.03
"maxoil","North","6",547.43
"maxoil","North","7",556.78
"maxoil","North","8",566.43
"maxoil","North","9",577.64
"maxoil","North","10",589.78
"maxoil","South","1",235.27
"maxoil","South","2",236.27
"maxoil","South","3",264.66
"maxoil","South","4",265.78
"maxoil","South","5",267.27
"maxoil","South","6",268.39
"maxoil","South","7",269.14
"maxoil","South","8",270.26
"maxoil","South","9",270.63
"maxoil","South","10",271.01
"maxoil","Cities","1",195.80
"maxoil","Cities","2",202.15
"maxoil","Cities","3",230.32
"maxoil","Cities","4",236.19
"maxoil","Cities","5",242.66
"maxoil","Cities","6",248.53
"maxoil","Cities","7",253.23
"maxoil","Cities","8",258.52
"maxoil","Cities","9",263.81
"maxoil","Cities","10",268.51
"maxoilcube","North","1",405.98
"maxoilcube","North","2",408.67
"maxoilcube","North","3",525.64
"maxoilcube","North","4",1418.69
"maxoilcube","North","5",1440.29
"maxoilcube","North","6",1462.84
"maxoilcube","North","7",1487.34
"maxoilcube","North","8",1514.50
"maxoilcube","North","9",1545.90
"maxoilcube","North","10",1579.25
"maxoilcube","South","1",235.27
"maxoilcube","South","2",236.27
"maxoilcube","South","3",264.66
"maxoilcube","South","4",1014.45
"maxoilcube","South","5",1018.68
"maxoilcube","South","6",1022.11
"maxoilcube","South","7",1025.73
"maxoilcube","South","8",1029.15
"maxoilcube","South","9",1030.96
"maxoilcube","South","10",1031.77
"maxoilcube","Cities","1",195.80
"maxoilcube","Cities","2",202.15
"maxoilcube","Cities","3",230.32
"maxoilcube","Cities","4",507.49
"maxoilcube","Cities","5",518.99
"maxoilcube","Cities","6",530.71
"maxoilcube","Cities","7",541.89
"maxoilcube","Cities","8",551.84
"maxoilcube","Cities","9",561.80
"maxoilcube","Cities","10",569.97
"cubezcube","North","1",0.00
"cubezcube","North","2",0.00
"cubezcube","North","3",0.00
"cubezcube","North","4",600.05
"cubezcube","North","5",608.49
"cubezcube","North","6",617.98
"cubezcube","North","7",628.53
"cubezcube","North","8",639.42
"cubezcube","North","9",652.08
"cubezcube","North","10",665.79
"cubezcube","South","1",0.00
"cubezcube","South","2",0.00
"cubezcube","South","3",0.00
"cubezcube","South","4",399.89
"cubezcube","South","5",402.14
"cubezcube","South","6",403.82
"cubezcube","South","7",404.95
"cubezcube","South","8",406.63
"cubezcube","South","9",407.19
"cubezcube","South","10",407.75
"cubezcube","Cities","1",0.00
"cubezcube","Cities","2",0.00
"cubezcube","Cities","3",0.00
"cubezcube","Cities","4",164.24
"cubezcube","Cities","5",168.74
"cubezcube","Cities","6",172.82
"cubezcube","Cities","7",176.09
"cubezcube","Cities","8",179.77
"cubezcube","Cities","9",183.44
"cubezcube","Cities","10",186.71
"oil","North","1",405.98
"oil","North","2",408.67
"oil","North","3",411.84
"oil","North","4",416.48
"oil","North","5",422.33
"oil","North","6",428.92
"oil","North","7",436.24
"oil","North","8",443.80
"oil","North","9",452.58
"oil","North","10",462.10
"oil","South","1",235.27
"oil","South","2",236.27
"oil","South","3",237.95
"oil","South","4",238.96
"oil","South","5",240.30
"oil","South","6",241.31
"oil","South","7",241.98
"oil","South","8",242.99
"oil","South","9",243.32
"oil","South","10",243.66
"oil","Cities","1",195.80
"oil","Cities","2",202.15
"oil","Cities","3",207.44
"oil","Cities","4",212.73
"oil","Cities","5",218.55
"oil","Cities","6",223.84
"oil","Cities","7",228.08
"oil","Cities","8",232.84
"oil","Cities","9",237.60
"oil","Cities","10",241.84
"oilcube","North","1",405.98
"oilcube","North","2",408.67
"oilcube","North","3",411.84
"oilcube","North","4",1347.45
"oilcube","North","5",1368.05
"oilcube","North","6",1389.47
"oilcube","North","7",1412.72
"oilcube","North","8",1438.58
"oilcube","North","9",1468.48
"oilcube","North","10",1500.21
"oilcube","South","1",235.27
"oilcube","South","2",236.27
"oilcube","South","3",237.95
"oilcube","South","4",1007.14
"oilcube","South","5",1011.33
"oilcube","South","6",1014.72
"oilcube","South","7",1018.32
"oilcube","South","8",1021.71
"oilcube","South","9",1023.51
"oilcube","South","10",1024.31
"oilcube","Cities","1",195.80
"oilcube","Cities","2",202.15
"oilcube","Cities","3",207.44
"oilcube","Cities","4",498.89
"oilcube","Cities","5",510.15
"oilcube","Cities","6",521.66
"oilcube","Cities","7",532.67
"oilcube","Cities","8",542.43
"oilcube","Cities","9",552.19
"oilcube","Cities","10",560.19
"oilcubevas","North","1",1359.51
"oilcubevas","North","2",1368.50
"oilcubevas","North","3",1379.12
"oilcubevas","North","4",1884.48
"oilcubevas","North","5",1912.63
"oilcubevas","North","6",1942.55
"oilcubevas","North","7",1975.24
"oilcubevas","North","8",2010.85
"oilcubevas","North","9",2052.08
"oilcubevas","North","10",2096.07
"oilcubevas","South","1",607.37
"oilcubevas","South","2",609.97
"oilcubevas","South","3",614.30
"oilcubevas","South","4",1097.36
"oilcubevas","South","5",1102.05
"oilcubevas","South","6",1105.83
"oilcubevas","South","7",1109.68
"oilcubevas","South","8",1113.45
"oilcubevas","South","9",1115.38
"oilcubevas","South","10",1116.30
"oilcubevas","Cities","1",293.70
"oilcubevas","Cities","2",303.22
"oilcubevas","Cities","3",311.16
"oilcubevas","Cities","4",526.26
"oilcubevas","Cities","5",538.27
"oilcubevas","Cities","6",550.46
"oilcubevas","Cities","7",562.02
"oilcubevas","Cities","8",572.39
"oilcubevas","Cities","9",582.76
"oilcubevas","Cities","10",591.31
"maxoilvas","North","1",1359.51
"maxoilvas","North","2",1368.50
"maxoilvas","North","3",1406.22
"maxoilvas","North","4",1422.04
"maxoilvas","North","5",1442.04
"maxoilvas","North","6",1464.53
"maxoilvas","North","7",1489.52
"maxoilvas","North","8",1515.35
"maxoilvas","North","9",1545.34
"maxoilvas","North","10",1577.83
"maxoilvas","South","1",607.37
"maxoilvas","South","2",609.97
"maxoilvas","South","3",614.30
"maxoilvas","South","4",616.90
"maxoilvas","South","5",620.37
"maxoilvas","South","6",622.97
"maxoilvas","South","7",624.70
"maxoilvas","South","8",627.30
"maxoilvas","South","9",628.17
"maxoilvas","South","10",629.03
"maxoilvas","Cities","1",293.70
"maxoilvas","Cities","2",303.22
"maxoilvas","Cities","3",314.21
"maxoilvas","Cities","4",322.23
"maxoilvas","Cities","5",331.04
"maxoilvas","Cities","6",339.06
"maxoilvas","Cities","7",345.47
"maxoilvas","Cities","8",352.68
"maxoilvas","Cities","9",359.90
"maxoilvas","Cities","10",366.31
"maxoilcubevas","North","1",1359.51
"maxoilcubevas","North","2",1368.50
"maxoilcubevas","North","3",1406.22
"maxoilcubevas","North","4",1895.44
"maxoilcubevas","North","5",1923.75
"maxoilcubevas","North","6",1953.84
"maxoilcubevas","North","7",1986.72
"maxoilcubevas","North","8",2022.53
"maxoilcubevas","North","9",2063.99
"maxoilcubevas","North","10",2108.23
"maxoilcubevas","South","1",607.37
"maxoilcubevas","South","2",609.97
"maxoilcubevas","South","3",614.30
"maxoilcubevas","South","4",1097.36
"maxoilcubevas","South","5",1102.05
"maxoilcubevas","South","6",1105.83
"maxoilcubevas","South","7",1109.68
"maxoilcubevas","South","8",1113.45
"maxoilcubevas","South","9",1115.38
"maxoilcubevas","South","10",1116.30
"maxoilcubevas","Cities","1",293.70
"maxoilcubevas","Cities","2",303.22
"maxoilcubevas","Cities","3",314.21
"maxoilcubevas","Cities","4",527.83
"maxoilcubevas","Cities","5",539.88
"maxoilcubevas","Cities","6",552.11
"maxoilcubevas","Cities","7",563.69
"maxoilcubevas","Cities","8",574.10
"maxoilcubevas","Cities","9",584.51
"maxoilcubevas","Cities","10",593.09
"vas","North","1",1030.99
"vas","North","2",1037.80
"vas","North","3",1045.86
"vas","North","4",1057.63
"vas","North","5",1072.50
"vas","North","6",1089.23
"vas","North","7",1107.81
"vas","North","8",1127.02
"vas","North","9",1149.33
"vas","North","10",1173.49
"vas","South","1",564.16
"vas","South","2",566.58
"vas","South","3",570.60
"vas","South","4",573.01
"vas","South","5",576.23
"vas","South","6",578.65
"vas","South","7",580.26
"vas","South","8",582.67
"vas","South","9",583.48
"vas","South","10",584.28
"vas","Cities","1",251.23
"vas","Cities","2",259.37
"vas","Cities","3",266.16
"vas","Cities","4",272.95
"vas","Cities","5",280.42
"vas","Cities","6",287.21
"vas","Cities","7",292.64
"vas","Cities","8",298.75
"vas","Cities","9",304.87
"vas","Cities","10",310.30
"cubevas","North","1",1030.99
"cubevas","North","2",1037.80
"cubevas","North","3",1045.86
"cubevas","North","4",1766.66
"cubevas","North","5",1793.16
"cubevas","North","6",1821.21
"cubevas","North","7",1851.83
"cubevas","North","8",1885.30
"cubevas","North","9",1924.04
"cubevas","North","10",1965.35
"cubevas","South","1",564.16
"cubevas","South","2",566.58
"cubevas","South","3",570.60
"cubevas","South","4",1077.85
"cubevas","South","5",1082.44
"cubevas","South","6",1086.13
"cubevas","South","7",1089.92
"cubevas","South","8",1093.62
"cubevas","South","9",1095.51
"cubevas","South","10",1096.41
"cubevas","Cities","1",251.23
"cubevas","Cities","2",259.37
"cubevas","Cities","3",266.16
"cubevas","Cities","4",510.62
"cubevas","Cities","5",522.20
"cubevas","Cities","6",534.01
"cubevas","Cities","7",545.25
"cubevas","Cities","8",555.27
"cubevas","Cities","9",565.29
"cubevas","Cities","10",573.53
"maxoilclinic","North","1",565.76
"maxoilclinic","North","2",569.50
"maxoilclinic","North","3",674.66
"maxoilclinic","North","4",682.25
"maxoilclinic","North","5",691.84
"maxoilclinic","North","6",702.64
"maxoilclinic","North","7",714.63
"maxoilclinic","North","8",727.02
"maxoilclinic","North","9",741.40
"maxoilclinic","North","10",756.99
"maxoilclinic","South","1",287.41
"maxoilclinic","South","2",288.64
"maxoilclinic","South","3",313.22
"maxoilclinic","South","4",314.55
"maxoilclinic","South","5",316.32
"maxoilclinic","South","6",317.64
"maxoilclinic","South","7",318.52
"maxoilclinic","South","8",319.85
"maxoilclinic","South","9",320.29
"maxoilclinic","South","10",320.73
"maxoilclinic","Cities","1",210.90
"maxoilclinic","Cities","2",217.74
"maxoilclinic","Cities","3",243.28
"maxoilclinic","Cities","4",249.49
"maxoilclinic","Cities","5",256.32
"maxoilclinic","Cities","6",262.52
"maxoilclinic","Cities","7",267.49
"maxoilclinic","Cities","8",273.07
"maxoilclinic","Cities","9",278.66
"maxoilclinic","Cities","10",283.62
"oilclinic","North","1",565.76
"oilclinic","North","2",569.50
"oilclinic","North","3",573.92
"oilclinic","North","4",580.38
"oilclinic","North","5",588.54
"oilclinic","North","6",597.72
"oilclinic","North","7",607.92
"oilclinic","North","8",618.46
"oilclinic","North","9",630.70
"oilclinic","North","10",643.96
"oilclinic","South","1",287.41
"oilclinic","South","2",288.64
"oilclinic","South","3",290.69
"oilclinic","South","4",291.92
"oilclinic","South","5",293.56
"oilclinic","South","6",294.79
"oilclinic","South","7",295.61
"oilclinic","South","8",296.84
"oilclinic","South","9",297.25
"oilclinic","South","10",297.66
"oilclinic","Cities","1",210.90
"oilclinic","Cities","2",217.74
"oilclinic","Cities","3",223.44
"oilclinic","Cities","4",229.14
"oilclinic","Cities","5",235.41
"oilclinic","Cities","6",241.11
"oilclinic","Cities","7",245.67
"oilclinic","Cities","8",250.80
"oilclinic","Cities","9",255.93
"oilclinic","Cities","10",260.49
"clinic","North","1",166.40
"clinic","North","2",167.50
"clinic","North","3",168.80
"clinic","North","4",170.70
"clinic","North","5",173.10
"clinic","North","6",175.80
"clinic","North","7",178.80
"clinic","North","8",181.90
"clinic","North","9",185.50
"clinic","North","10",189.40
"clinic","South","1",84.12
"clinic","South","2",84.48
"clinic","South","3",85.08
"clinic","South","4",85.44
"clinic","South","5",85.92
"clinic","South","6",86.28
"clinic","South","7",86.52
"clinic","South","8",86.88
"clinic","South","9",87.00
"clinic","South","10",87.12
"clinic","Cities","1",37.00
"clinic","Cities","2",38.20
"clinic","Cities","3",39.20
"clinic","Cities","4",40.20
"clinic","Cities","5",41.30
"clinic","Cities","6",42.30
"clinic","Cities","7",43.10
"clinic","Cities","8",44.00
"clinic","Cities","9",44.90
"clinic","Cities","10",45.70
"cubeclinic","North","1",166.40
"cubeclinic","North","2",167.50
"cubeclinic","North","3",168.80
"cubeclinic","North","4",1054.27
"cubeclinic","North","5",1070.75
"cubeclinic","North","6",1087.54
"cubeclinic","North","7",1105.64
"cubeclinic","North","8",1126.17
"cubeclinic","North","9",1149.89
"cubeclinic","North","10",1174.91
"cubeclinic","South","1",84.12
"cubeclinic","South","2",84.48
"cubeclinic","South","3",85.08
"cubeclinic","South","4",873.03
"cubeclinic","South","5",876.47
"cubeclinic","South","6",879.29
"cubeclinic","South","7",882.51
"cubeclinic","South","8",885.34
"cubeclinic","South","9",886.95
"cubeclinic","South","10",887.56
"cubeclinic","Cities","1",37.00
"cubeclinic","Cities","2",38.20
"cubeclinic","Cities","3",39.20
"cubeclinic","Cities","4",382.36
"cubeclinic","Cities","5",390.43
"cubeclinic","Cities","6",399.04
"cubeclinic","Cities","7",407.73
"cubeclinic","Cities","8",414.88
"cubeclinic","Cities","9",422.03
"cubeclinic","Cities","10",427.72
"oilcubeclinic","North","1",565.76
"oilcubeclinic","North","2",569.50
"oilcubeclinic","North","3",573.92
"oilcubeclinic","North","4",1437.87
"oilcubeclinic","North","5",1459.74
"oilcubeclinic","North","6",1482.59
"oilcubeclinic","North","7",1507.43
"oilcubeclinic","North","8",1534.93
"oilcubeclinic","North","9",1566.74
"oilcubeclinic","North","10",1600.53
"oilcubeclinic","South","1",287.41
"oilcubeclinic","South","2",288.64
"oilcubeclinic","South","3",290.69
"oilcubeclinic","South","4",1019.33
"oilcubeclinic","South","5",1023.59
"oilcubeclinic","South","6",1027.03
"oilcubeclinic","South","7",1030.66
"oilcubeclinic","South","8",1034.11
"oilcubeclinic","South","9",1035.92
"oilcubeclinic","South","10",1036.74
"oilcubeclinic","Cities","1",210.90
"oilcubeclinic","Cities","2",217.74
"oilcubeclinic","Cities","3",223.44
"oilcubeclinic","Cities","4",503.58
"oilcubeclinic","Cities","5",514.97
"oilcubeclinic","Cities","6",526.60
"oilcubeclinic","Cities","7",537.70
"oilcubeclinic","Cities","8",547.56
"oilcubeclinic","Cities","9",557.43
"oilcubeclinic","Cities","10",565.53
"maxoilcubeclinic","North","1",565.76
"maxoilcubeclinic","North","2",569.50
"maxoilcubeclinic","North","3",674.66
"maxoilcubeclinic","North","4",1498.15
"maxoilcubeclinic","North","5",1520.87
"maxoilcubeclinic","North","6",1544.67
"maxoilcubeclinic","North","7",1570.57
"maxoilcubeclinic","North","8",1599.17
"maxoilcubeclinic","North","9",1632.25
"maxoilcubeclinic","North","10",1667.42
"maxoilcubeclinic","South","1",287.41
"maxoilcubeclinic","South","2",288.64
"maxoilcubeclinic","South","3",313.22
"maxoilcubeclinic","South","4",1024.21
"maxoilcubeclinic","South","5",1028.49
"maxoilcubeclinic","South","6",1031.96
"maxoilcubeclinic","South","7",1035.60
"maxoilcubeclinic","South","8",1039.07
"maxoilcubeclinic","South","9",1040.89
"maxoilcubeclinic","South","10",1041.71
"maxoilcubeclinic","Cities","1",210.90
"maxoilcubeclinic","Cities","2",217.74
"maxoilcubeclinic","Cities","3",243.28
"maxoilcubeclinic","Cities","4",510.62
"maxoilcubeclinic","Cities","5",522.20
"maxoilcubeclinic","Cities","6",534.01
"maxoilcubeclinic","Cities","7",545.25
"maxoilcubeclinic","Cities","8",555.27
"maxoilcubeclinic","Cities","9",565.29
"maxoilcubeclinic","Cities","10",573.53
"cubeflour","North","1",503.07
"cubeflour","North","2",507.40
"cubeflour","North","3",511.73
"cubeflour","North","4",1145.11
"cubeflour","North","5",1162.14
"cubeflour","North","6",1180.23
"cubeflour","North","7",1200.01
"cubeflour","North","8",1222.15
"cubeflour","North","9",1247.35
"cubeflour","North","10",1273.95
"cubeflour","South","1",612.56
"cubeflour","South","2",616.52
"cubeflour","South","3",619.24
"cubeflour","South","4",1088.68
"cubeflour","South","5",1092.81
"cubeflour","South","6",1097.93
"cubeflour","South","7",1102.05
"cubeflour","South","8",1105.18
"cubeflour","South","9",1107.74
"cubeflour","South","10",1108.30
"cubeflour","Cities","1",528.06
"cubeflour","Cities","2",543.51
"cubeflour","Cities","3",557.69
"cubeflour","Cities","4",695.98
"cubeflour","Cities","5",712.84
"cubeflour","Cities","6",729.70
"cubeflour","Cities","7",744.56
"cubeflour","Cities","8",759.01
"cubeflour","Cities","9",773.87
"cubeflour","Cities","10",785.91
"oilvasflour","North","1",1634.30
"oilvasflour","North","2",1646.47
"oilvasflour","North","3",1659.45
"oilvasflour","North","4",1678.71
"oilvasflour","North","5",1703.05
"oilvasflour","North","6",1729.84
"oilvasflour","North","7",1759.27
"oilvasflour","North","8",1790.51
"oilvasflour","North","9",1826.20
"oilvasflour","North","10",1865.16
"oilvasflour","South","1",1053.55
"oilvasflour","South","2",1060.15
"oilvasflour","South","3",1065.75
"oilvasflour","South","4",1071.35
"oilvasflour","South","5",1076.08
"oilvasflour","South","6",1079.82
"oilvasflour","South","7",1084.55
"oilvasflour","South","8",1087.28
"oilvasflour","South","9",1090.15
"oilvasflour","South","10",1092.01
"oilvasflour","Cities","1",736.88
"oilvasflour","Cities","2",758.23
"oilvasflour","Cities","3",778.58
"oilvasflour","Cities","4",798.93
"oilvasflour","Cities","5",818.48
"oilvasflour","Cities","6",837.04
"oilvasflour","Cities","7",854.60
"oilvasflour","Cities","8",871.36
"oilvasflour","Cities","9",888.91
"oilvasflour","Cities","10",901.88
"maxoilflour","North","1",842.94
"maxoilflour","North","2",849.38
"maxoilflour","North","3",950.58
"maxoilflour","North","4",962.25
"maxoilflour","North","5",976.48
"maxoilflour","North","6",991.64
"maxoilflour","North","7",1008.42
"maxoilflour","North","8",1026.52
"maxoilflour","North","9",1047.55
"maxoilflour","North","10",1069.83
"maxoilflour","South","1",785.49
"maxoilflour","South","2",790.49
"maxoilflour","South","3",813.75
"maxoilflour","South","4",817.87
"maxoilflour","South","5",821.62
"maxoilflour","South","6",824.36
"maxoilflour","South","7",828.11
"maxoilflour","South","8",829.86
"maxoilflour","South","9",832.23
"maxoilflour","South","10",833.60
"maxoilflour","Cities","1",663.58
"maxoilflour","Cities","2",682.82
"maxoilflour","Cities","3",718.15
"maxoilflour","Cities","4",736.85
"maxoilflour","Cities","5",754.96
"maxoilflour","Cities","6",772.08
"maxoilflour","Cities","7",788.19
"maxoilflour","Cities","8",803.72
"maxoilflour","Cities","9",819.83
"maxoilflour","Cities","10",831.77
"maxoilcubeflour","North","1",842.94
"maxoilcubeflour","North","2",849.38
"maxoilcubeflour","North","3",950.58
"maxoilcubeflour","North","4",1568.16
"maxoilcubeflour","North","5",1591.17
"maxoilcubeflour","North","6",1616.12
"maxoilcubeflour","North","7",1643.37
"maxoilcubeflour","North","8",1673.27
"maxoilcubeflour","North","9",1707.12
"maxoilcubeflour","North","10",1743.58
"maxoilcubeflour","South","1",785.49
"maxoilcubeflour","South","2",790.49
"maxoilcubeflour","South","3",813.75
"maxoilcubeflour","South","4",1215.42
"maxoilcubeflour","South","5",1220.04
"maxoilcubeflour","South","6",1225.66
"maxoilcubeflour","South","7",1230.27
"maxoilcubeflour","South","8",1233.89
"maxoilcubeflour","South","9",1236.70
"maxoilcubeflour","South","10",1237.51
"maxoilcubeflour","Cities","1",663.58
"maxoilcubeflour","Cities","2",682.82
"maxoilcubeflour","Cities","3",718.15
"maxoilcubeflour","Cities","4",805.48
"maxoilcubeflour","Cities","5",824.89
"maxoilcubeflour","Cities","6",844.30
"maxoilcubeflour","Cities","7",861.70
"maxoilcubeflour","Cities","8",878.34
"maxoilcubeflour","Cities","9",895.75
"maxoilcubeflour","Cities","10",909.61
"oilflour","North","1",842.94
"oilflour","North","2",849.38
"oilflour","North","3",856.06
"oilflour","North","4",866.72
"oilflour","North","5",879.60
"oilflour","North","6",893.21
"oilflour","North","7",908.31
"oilflour","North","8",924.65
"oilflour","North","9",943.73
"oilflour","North","10",963.78
"oilflour","South","1",785.49
"oilflour","South","2",790.49
"oilflour","South","3",794.50
"oilflour","South","4",798.51
"oilflour","South","5",802.18
"oilflour","South","6",804.85
"oilflour","South","7",808.52
"oilflour","South","8",810.19
"oilflour","South","9",812.53
"oilflour","South","10",813.86
"oilflour","Cities","1",663.58
"oilflour","Cities","2",682.82
"oilflour","Cities","3",701.05
"oilflour","Cities","4",719.28
"oilflour","Cities","5",736.99
"oilflour","Cities","6",753.69
"oilflour","Cities","7",769.40
"oilflour","Cities","8",784.57
"oilflour","Cities","9",800.28
"oilflour","Cities","10",811.92
"oilclinicflour","North","1",975.94
"oilclinicflour","North","2",983.34
"oilclinicflour","North","3",991.09
"oilclinicflour","North","4",1003.19
"oilclinicflour","North","5",1018.00
"oilclinicflour","North","6",1033.82
"oilclinicflour","North","7",1051.33
"oilclinicflour","North","8",1070.18
"oilclinicflour","North","9",1092.04
"oilclinicflour","North","10",1115.27
"oilclinicflour","South","1",825.26
"oilclinicflour","South","2",830.51
"oilclinicflour","South","3",834.75
"oilclinicflour","South","4",838.99
"oilclinicflour","South","5",842.82
"oilclinicflour","South","6",845.65
"oilclinicflour","South","7",849.48
"oilclinicflour","South","8",851.31
"oilclinicflour","South","9",853.72
"oilclinicflour","South","10",855.14
"oilclinicflour","Cities","1",673.82
"oilclinicflour","Cities","2",693.35
"oilclinicflour","Cities","3",711.88
"oilclinicflour","Cities","4",730.41
"oilclinicflour","Cities","5",748.37
"oilclinicflour","Cities","6",765.34
"oilclinicflour","Cities","7",781.30
"oilclinicflour","Cities","8",796.70
"oilclinicflour","Cities","9",812.66
"oilclinicflour","Cities","10",824.49
"oilcubeflour","North","1",842.94
"oilcubeflour","North","2",849.38
"oilcubeflour","North","3",856.06
"oilcubeflour","North","4",1509.03
"oilcubeflour","North","5",1531.19
"oilcubeflour","North","6",1555.19
"oilcubeflour","North","7",1581.39
"oilcubeflour","North","8",1610.21
"oilcubeflour","North","9",1642.85
"oilcubeflour","North","10",1677.93
"oilcubeflour","South","1",785.49
"oilcubeflour","South","2",790.49
"oilcubeflour","South","3",794.50
"oilcubeflour","South","4",1210.14
"oilcubeflour","South","5",1214.74
"oilcubeflour","South","6",1220.34
"oilcubeflour","South","7",1224.93
"oilcubeflour","South","8",1228.53
"oilcubeflour","South","9",1231.33
"oilcubeflour","South","10",1232.12
"oilcubeflour","Cities","1",663.58
"oilcubeflour","Cities","2",682.82
"oilcubeflour","Cities","3",701.05
"oilcubeflour","Cities","4",799.04
"oilcubeflour","Cities","5",818.30
"oilcubeflour","Cities","6",837.56
"oilcubeflour","Cities","7",854.81
"oilcubeflour","Cities","8",871.32
"oilcubeflour","Cities","9",888.58
"oilcubeflour","Cities","10",902.33
"oilcubevasflour","North","1",1634.30
"oilcubevasflour","North","2",1646.47
"oilcubevasflour","North","3",1659.45
"oilcubevasflour","North","4",1954.83
"oilcubevasflour","North","5",1983.28
"oilcubevasflour","North","6",2014.51
"oilcubevasflour","North","7",2048.59
"oilcubevasflour","North","8",2085.58
"oilcubevasflour","North","9",2127.35
"oilcubevasflour","North","10",2172.81
"oilcubevasflour","South","1",1053.55
"oilcubevasflour","South","2",1060.15
"oilcubevasflour","South","3",1065.75
"oilcubevasflour","South","4",1275.27
"oilcubevasflour","South","5",1280.12
"oilcubevasflour","South","6",1285.97
"oilcubevasflour","South","7",1290.82
"oilcubevasflour","South","8",1294.67
"oilcubevasflour","South","9",1297.60
"oilcubevasflour","South","10",1298.52
"oilcubevasflour","Cities","1",736.88
"oilcubevasflour","Cities","2",758.23
"oilcubevasflour","Cities","3",778.58
"oilcubevasflour","Cities","4",819.54
"oilcubevasflour","Cities","5",839.27
"oilcubevasflour","Cities","6",859.01
"oilcubevasflour","Cities","7",876.74
"oilcubevasflour","Cities","8",893.65
"oilcubevasflour","Cities","9",911.39
"oilcubevasflour","Cities","10",925.48
"maxoilvasflour","North","1",1634.30
"maxoilvasflour","North","2",1646.47
"maxoilvasflour","North","3",1681.96
"maxoilvasflour","North","4",1701.45
"maxoilvasflour","North","5",1726.12
"maxoilvasflour","North","6",1753.28
"maxoilvasflour","North","7",1783.10
"maxoilvasflour","North","8",1814.76
"maxoilvasflour","North","9",1850.92
"maxoilvasflour","North","10",1890.41
"maxoilvasflour","South","1",1053.55
"maxoilvasflour","South","2",1060.15
"maxoilvasflour","South","3",1065.75
"maxoilvasflour","South","4",1071.35
"maxoilvasflour","South","5",1076.08
"maxoilvasflour","South","6",1079.82
"maxoilvasflour","South","7",1084.55
"maxoilvasflour","South","8",1087.28
"maxoilvasflour","South","9",1090.15
"maxoilvasflour","South","10",1092.01
"maxoilvasflour","Cities","1",736.88
"maxoilvasflour","Cities","2",758.23
"maxoilvasflour","Cities","3",780.86
"maxoilvasflour","Cities","4",801.27
"maxoilvasflour","Cities","5",820.88
"maxoilvasflour","Cities","6",839.49
"maxoilvasflour","Cities","7",857.10
"maxoilvasflour","Cities","8",873.91
"maxoilvasflour","Cities","9",891.52
"maxoilvasflour","Cities","10",904.53
"vasflour","North","1",1361.64
"vasflour","North","2",1371.84
"vasflour","North","3",1382.65
"vasflour","North","4",1398.95
"vasflour","North","5",1419.34
"vasflour","North","6",1441.59
"vasflour","North","7",1466.08
"vasflour","North","8",1492.19
"vasflour","North","9",1522.16
"vasflour","North","10",1554.60
"vasflour","South","1",1022.42
"vasflour","South","2",1028.84
"vasflour","South","3",1034.25
"vasflour","South","4",1039.66
"vasflour","South","5",1044.27
"vasflour","South","6",1047.88
"vasflour","South","7",1052.49
"vasflour","South","8",1055.10
"vasflour","South","9",1057.91
"vasflour","South","10",1059.71
"vasflour","Cities","1",705.08
"vasflour","Cities","2",725.51
"vasflour","Cities","3",744.94
"vasflour","Cities","4",764.38
"vasflour","Cities","5",783.13
"vasflour","Cities","6",800.88
"vasflour","Cities","7",817.63
"vasflour","Cities","8",833.71
"vasflour","Cities","9",850.46
"vasflour","Cities","10",862.86
"clinicflour","North","1",650.09
"clinicflour","North","2",655.13
"clinicflour","North","3",660.28
"clinicflour","North","4",668.84
"clinicflour","North","5",678.93
"clinicflour","North","6",689.33
"clinicflour","North","7",700.94
"clinicflour","North","8",713.65
"clinicflour","North","9",728.67
"clinicflour","North","10",744.12
"clinicflour","South","1",674.80
"clinicflour","South","2",679.15
"clinicflour","South","3",682.50
"clinicflour","South","4",685.85
"clinicflour","South","5",689.08
"clinicflour","South","6",691.32
"clinicflour","South","7",694.55
"clinicflour","South","8",695.78
"clinicflour","South","9",697.90
"clinicflour","South","10",699.01
"clinicflour","Cities","1",543.95
"clinicflour","Cities","2",559.72
"clinicflour","Cities","3",574.50
"clinicflour","Cities","4",589.28
"clinicflour","Cities","5",603.96
"clinicflour","Cities","6",617.64
"clinicflour","Cities","7",630.32
"clinicflour","Cities","8",642.91
"clinicflour","Cities","9",655.59
"clinicflour","Cities","10",665.07
"cubevasflour","North","1",1361.64
"cubevasflour","North","2",1371.84
"cubevasflour","North","3",1382.65
"cubevasflour","North","4",1857.02
"cubevasflour","North","5",1884.10
"cubevasflour","North","6",1913.74
"cubevasflour","North","7",1946.09
"cubevasflour","North","8",1981.29
"cubevasflour","North","9",2021.06
"cubevasflour","North","10",2064.24
"cubevasflour","South","1",1022.42
"cubevasflour","South","2",1028.84
"cubevasflour","South","3",1034.25
"cubevasflour","South","4",1261.19
"cubevasflour","South","5",1265.99
"cubevasflour","South","6",1271.78
"cubevasflour","South","7",1276.58
"cubevasflour","South","8",1280.37
"cubevasflour","South","9",1283.27
"cubevasflour","South","10",1284.16
"cubevasflour","Cities","1",705.08
"cubevasflour","Cities","2",725.51
"cubevasflour","Cities","3",744.94
"cubevasflour","Cities","4",807.83
"cubevasflour","Cities","5",827.29
"cubevasflour","Cities","6",846.75
"cubevasflour","Cities","7",864.21
"cubevasflour","Cities","8",880.89
"cubevasflour","Cities","9",898.35
"cubevasflour","Cities","10",912.25
"maxoilclinicflour","North","1",975.94
"maxoilclinicflour","North","2",983.34
"maxoilclinicflour","North","3",1074.35
"maxoilclinicflour","North","4",1087.35
"maxoilclinicflour","North","5",1103.34
"maxoilclinicflour","North","6",1120.53
"maxoilclinicflour","North","7",1139.52
"maxoilclinicflour","North","8",1159.91
"maxoilclinicflour","North","9",1183.51
"maxoilclinicflour","North","10",1208.70
"maxoilclinicflour","South","1",825.26
"maxoilclinicflour","South","2",830.51
"maxoilclinicflour","South","3",848.75
"maxoilclinicflour","South","4",853.08
"maxoilclinicflour","South","5",856.96
"maxoilclinicflour","South","6",859.84
"maxoilclinicflour","South","7",863.73
"maxoilclinicflour","South","8",865.61
"maxoilclinicflour","South","9",868.05
"maxoilclinicflour","South","10",869.49
"maxoilclinicflour","Cities","1",673.82
"maxoilclinicflour","Cities","2",693.35
"maxoilclinicflour","Cities","3",727.84
"maxoilclinicflour","Cities","4",746.81
"maxoilclinicflour","Cities","5",765.15
"maxoilclinicflour","Cities","6",782.50
"maxoilclinicflour","Cities","7",798.84
"maxoilclinicflour","Cities","8",814.56
"maxoilclinicflour","Cities","9",830.91
"maxoilclinicflour","Cities","10",843.01
"maxoilcubevasflour","North","1",1634.30
"maxoilcubevasflour","North","2",1646.47
"maxoilcubevasflour","North","3",1681.96
"maxoilcubevasflour","North","4",1963.92
"maxoilcubevasflour","North","5",1992.51
"maxoilcubevasflour","North","6",2023.89
"maxoilcubevasflour","North","7",2058.12
"maxoilcubevasflour","North","8",2095.28
"maxoilcubevasflour","North","9",2137.24
"maxoilcubevasflour","North","10",2182.91
"maxoilcubevasflour","South","1",1053.55
"maxoilcubevasflour","South","2",1060.15
"maxoilcubevasflour","South","3",1065.75
"maxoilcubevasflour","South","4",1275.27
"maxoilcubevasflour","South","5",1280.12
"maxoilcubevasflour","South","6",1285.97
"maxoilcubevasflour","South","7",1290.82
"maxoilcubevasflour","South","8",1294.67
"maxoilcubevasflour","South","9",1297.60
"maxoilcubevasflour","South","10",1298.52
"maxoilcubevasflour","Cities","1",736.88
"maxoilcubevasflour","Cities","2",758.23
"maxoilcubevasflour","Cities","3",780.86
"maxoilcubevasflour","Cities","4",820.71
"maxoilcubevasflour","Cities","5",840.47
"maxoilcubevasflour","Cities","6",860.23
"maxoilcubevasflour","Cities","7",877.99
"maxoilcubevasflour","Cities","8",894.93
"maxoilcubevasflour","Cities","9",912.69
"maxoilcubevasflour","Cities","10",926.81
"cliniccubeflour","North","1",650.09
"cliniccubeflour","North","2",655.13
"cliniccubeflour","North","3",660.28
"cliniccubeflour","North","4",1265.66
"cliniccubeflour","North","5",1284.39
"cliniccubeflour","North","6",1304.43
"cliniccubeflour","North","7",1326.35
"cliniccubeflour","North","8",1350.70
"cliniccubeflour","North","9",1378.36
"cliniccubeflour","North","10",1407.77
"cliniccubeflour","South","1",674.80
"cliniccubeflour","South","2",679.15
"cliniccubeflour","South","3",682.50
"cliniccubeflour","South","4",1113.33
"cliniccubeflour","South","5",1117.55
"cliniccubeflour","South","6",1122.77
"cliniccubeflour","South","7",1126.99
"cliniccubeflour","South","8",1130.21
"cliniccubeflour","South","9",1132.82
"cliniccubeflour","South","10",1133.42
"cliniccubeflour","Cities","1",543.95
"cliniccubeflour","Cities","2",559.72
"cliniccubeflour","Cities","3",574.50
"cliniccubeflour","Cities","4",711.79
"cliniccubeflour","Cities","5",729.02
"cliniccubeflour","Cities","6",746.24
"cliniccubeflour","Cities","7",761.47
"cliniccubeflour","Cities","8",776.24
"cliniccubeflour","Cities","9",791.46
"cliniccubeflour","Cities","10",803.77
"oilcubeclinicflour","North","1",975.94
"oilcubeclinicflour","North","2",983.34
"oilcubeclinicflour","North","3",991.09
"oilcubeclinicflour","North","4",1584.09
"oilcubeclinicflour","North","5",1607.31
"oilcubeclinicflour","North","6",1632.52
"oilcubeclinicflour","North","7",1660.05
"oilcubeclinicflour","North","8",1690.25
"oilcubeclinicflour","North","9",1724.43
"oilcubeclinicflour","North","10",1761.25
"oilcubeclinicflour","South","1",825.26
"oilcubeclinicflour","South","2",830.51
"oilcubeclinicflour","South","3",834.75
"oilcubeclinicflour","South","4",1218.95
"oilcubeclinicflour","South","5",1223.58
"oilcubeclinicflour","South","6",1229.21
"oilcubeclinicflour","South","7",1233.84
"oilcubeclinicflour","South","8",1237.47
"oilcubeclinicflour","South","9",1240.28
"oilcubeclinicflour","South","10",1241.10
"oilcubeclinicflour","Cities","1",673.82
"oilcubeclinicflour","Cities","2",693.35
"oilcubeclinicflour","Cities","3",711.88
"oilcubeclinicflour","Cities","4",802.56
"oilcubeclinicflour","Cities","5",821.89
"oilcubeclinicflour","Cities","6",841.23
"oilcubeclinicflour","Cities","7",858.57
"oilcubeclinicflour","Cities","8",875.15
"oilcubeclinicflour","Cities","9",892.49
"oilcubeclinicflour","Cities","10",906.30
"maxoilcubeclinicflour","North","1",975.94
"maxoilcubeclinicflour","North","2",983.34
"maxoilcubeclinicflour","North","3",1074.35
"maxoilcubeclinicflour","North","4",1634.12
"maxoilcubeclinicflour","North","5",1658.06
"maxoilcubeclinicflour","North","6",1684.08
"maxoilcubeclinicflour","North","7",1712.49
"maxoilcubeclinicflour","North","8",1743.61
"maxoilcubeclinicflour","North","9",1778.81
"maxoilcubeclinicflour","North","10",1816.80
"maxoilcubeclinicflour","South","1",825.26
"maxoilcubeclinicflour","South","2",830.51
"maxoilcubeclinicflour","South","3",848.75
"maxoilcubeclinicflour","South","4",1222.47
"maxoilcubeclinicflour","South","5",1227.11
"maxoilcubeclinicflour","South","6",1232.75
"maxoilcubeclinicflour","South","7",1237.40
"maxoilcubeclinicflour","South","8",1241.04
"maxoilcubeclinicflour","South","9",1243.86
"maxoilcubeclinicflour","South","10",1244.68
"maxoilcubeclinicflour","Cities","1",673.82
"maxoilcubeclinicflour","Cities","2",693.35
"maxoilcubeclinicflour","Cities","3",727.84
"maxoilcubeclinicflour","Cities","4",807.83
"maxoilcubeclinicflour","Cities","5",827.29
"maxoilcubeclinicflour","Cities","6",846.75
"maxoilcubeclinicflour","Cities","7",864.21
"maxoilcubeclinicflour","Cities","8",880.89
"maxoilcubeclinicflour","Cities","9",898.35
"maxoilcubeclinicflour","Cities","10",912.25
"cubeflourzcube","North","1",503.07
"cubeflourzcube","North","2",507.40
"cubeflourzcube","North","3",511.73
"cubeflourzcube","North","4",1262.49
"cubeflourzcube","North","5",1280.52
"cubeflourzcube","North","6",1300.25
"cubeflourzcube","North","7",1322.69
"cubeflourzcube","North","8",1347.18
"cubeflourzcube","North","9",1374.02
"cubeflourzcube","North","10",1402.62
"cubeflourzcube","South","1",612.56
"cubeflourzcube","South","2",616.52
"cubeflourzcube","South","3",619.24
"cubeflourzcube","South","4",1203.88
"cubeflourzcube","South","5",1208.56
"cubeflourzcube","South","6",1213.68
"cubeflourzcube","South","7",1218.25
"cubeflourzcube","South","8",1221.37
"cubeflourzcube","South","9",1223.93
"cubeflourzcube","South","10",1224.49
"cubeflourzcube","Cities","1",528.06
"cubeflourzcube","Cities","2",543.51
"cubeflourzcube","Cities","3",557.69
"cubeflourzcube","Cities","4",768.34
"cubeflourzcube","Cities","5",786.20
"cubeflourzcube","Cities","6",805.06
"cubeflourzcube","Cities","7",821.92
"cubeflourzcube","Cities","8",838.78
"cubeflourzcube","Cities","9",854.23
"cubeflourzcube","Cities","10",868.68
"oilvasflourzcube","North","1",1634.30
"oilvasflourzcube","North","2",1646.47
"oilvasflourzcube","North","3",1659.45
"oilvasflourzcube","North","4",1914.64
"oilvasflourzcube","North","5",1941.98
"oilvasflourzcube","North","6",1971.95
"oilvasflourzcube","North","7",2005.56
"oilvasflourzcube","North","8",2042.62
"oilvasflourzcube","North","9",2082.50
"oilvasflourzcube","North","10",2126.46
"oilvasflourzcube","South","1",1053.55
"oilvasflourzcube","South","2",1060.15
"oilvasflourzcube","South","3",1065.75
"oilvasflourzcube","South","4",1359.02
"oilvasflourzcube","South","5",1364.62
"oilvasflourzcube","South","6",1370.35
"oilvasflourzcube","South","7",1375.22
"oilvasflourzcube","South","8",1378.95
"oilvasflourzcube","South","9",1381.82
"oilvasflourzcube","South","10",1382.68
"oilvasflourzcube","Cities","1",736.88
"oilvasflourzcube","Cities","2",758.23
"oilvasflourzcube","Cities","3",778.58
"oilvasflourzcube","Cities","4",882.75
"oilvasflourzcube","Cities","5",903.31
"oilvasflourzcube","Cities","6",924.86
"oilvasflourzcube","Cities","7",944.42
"oilvasflourzcube","Cities","8",963.98
"oilvasflourzcube","Cities","9",981.74
"oilvasflourzcube","Cities","10",998.50
"maxoilflourzcube","North","1",842.94
"maxoilflourzcube","North","2",849.38
"maxoilflourzcube","North","3",1067.60
"maxoilflourzcube","North","4",1206.27
"maxoilflourzcube","North","5",1223.49
"maxoilflourzcube","North","6",1242.35
"maxoilflourzcube","North","7",1263.82
"maxoilflourzcube","North","8",1287.23
"maxoilflourzcube","North","9",1312.95
"maxoilflourzcube","North","10",1340.22
"maxoilflourzcube","South","1",785.49
"maxoilflourzcube","South","2",790.49
"maxoilflourzcube","South","3",927.88
"maxoilflourzcube","South","4",1108.00
"maxoilflourzcube","South","5",1112.12
"maxoilflourzcube","South","6",1116.87
"maxoilflourzcube","South","7",1121.24
"maxoilflourzcube","South","8",1123.99
"maxoilflourzcube","South","9",1126.36
"maxoilflourzcube","South","10",1126.74
"maxoilflourzcube","Cities","1",663.58
"maxoilflourzcube","Cities","2",682.82
"maxoilflourzcube","Cities","3",787.80
"maxoilflourzcube","Cities","4",821.50
"maxoilflourzcube","Cities","5",840.61
"maxoilflourzcube","Cities","6",860.73
"maxoilflourzcube","Cities","7",878.84
"maxoilflourzcube","Cities","8",896.95
"maxoilflourzcube","Cities","9",913.48
"maxoilflourzcube","Cities","10",929.00
"maxoilcubeflourzcube","North","1",842.94
"maxoilcubeflourzcube","North","2",849.38
"maxoilcubeflourzcube","North","3",950.58
"maxoilcubeflourzcube","North","4",1680.76
"maxoilcubeflourzcube","North","5",1704.76
"maxoilcubeflourzcube","North","6",1731.07
"maxoilcubeflourzcube","North","7",1760.67
"maxoilcubeflourzcube","North","8",1793.22
"maxoilcubeflourzcube","North","9",1828.42
"maxoilcubeflourzcube","North","10",1866.87
"maxoilcubeflourzcube","South","1",785.49
"maxoilcubeflourzcube","South","2",790.49
"maxoilcubeflourzcube","South","3",813.75
"maxoilcubeflourzcube","South","4",1329.38
"maxoilcubeflourzcube","South","5",1334.81
"maxoilcubeflourzcube","South","6",1340.42
"maxoilcubeflourzcube","South","7",1345.23
"maxoilcubeflourzcube","South","8",1348.85
"maxoilcubeflourzcube","South","9",1351.66
"maxoilcubeflourzcube","South","10",1352.47
"maxoilcubeflourzcube","Cities","1",663.58
"maxoilcubeflourzcube","Cities","2",682.82
"maxoilcubeflourzcube","Cities","3",718.15
"maxoilcubeflourzcube","Cities","4",876.39
"maxoilcubeflourzcube","Cities","5",896.80
"maxoilcubeflourzcube","Cities","6",918.21
"maxoilcubeflourzcube","Cities","7",937.61
"maxoilcubeflourzcube","Cities","8",957.02
"maxoilcubeflourzcube","Cities","9",974.66
"maxoilcubeflourzcube","Cities","10",991.29
"oilflourzcube","North","1",842.94
"oilflourzcube","North","2",849.38
"oilflourzcube","North","3",856.06
"oilflourzcube","North","4",1111.82
"oilflourzcube","North","5",1127.70
"oilflourzcube","North","6",1145.06
"oilflourzcube","North","7",1164.92
"oilflourzcube","North","8",1186.51
"oilflourzcube","North","9",1210.34
"oilflourzcube","North","10",1235.39
"oilflourzcube","South","1",785.49
"oilflourzcube","South","2",790.49
"oilflourzcube","South","3",794.50
"oilflourzcube","South","4",1088.83
"oilflourzcube","South","5",1092.84
"oilflourzcube","South","6",1097.51
"oilflourzcube","South","7",1101.84
"oilflourzcube","South","8",1104.51
"oilflourzcube","South","9",1106.85
"oilflourzcube","South","10",1107.18
"oilflourzcube","Cities","1",663.58
"oilflourzcube","Cities","2",682.82
"oilflourzcube","Cities","3",701.05
"oilflourzcube","Cities","4",804.17
"oilflourzcube","Cities","5",822.87
"oilflourzcube","Cities","6",842.58
"oilflourzcube","Cities","7",860.28
"oilflourzcube","Cities","8",877.98
"oilflourzcube","Cities","9",894.16
"oilflourzcube","Cities","10",909.33
"oilclinicflourzcube","North","1",1090.49
"oilclinicflourzcube","North","2",1098.90
"oilclinicflourzcube","North","3",1107.64
"oilclinicflourzcube","North","4",1246.74
"oilclinicflourzcube","North","5",1264.55
"oilclinicflourzcube","North","6",1284.04
"oilclinicflourzcube","North","7",1306.20
"oilclinicflourzcube","North","8",1330.39
"oilclinicflourzcube","North","9",1356.92
"oilclinicflourzcube","North","10",1385.15
"oilclinicflourzcube","South","1",939.61
"oilclinicflourzcube","South","2",944.85
"oilclinicflourzcube","South","3",948.68
"oilclinicflourzcube","South","4",1128.92
"oilclinicflourzcube","South","5",1133.16
"oilclinicflourzcube","South","6",1137.99
"oilclinicflourzcube","South","7",1142.41
"oilclinicflourzcube","South","8",1145.24
"oilclinicflourzcube","South","9",1147.65
"oilclinicflourzcube","South","10",1148.07
"oilclinicflourzcube","Cities","1",738.56
"oilclinicflourzcube","Cities","2",761.09
"oilclinicflourzcube","Cities","3",781.62
"oilclinicflourzcube","Cities","4",815.15
"oilclinicflourzcube","Cities","5",834.11
"oilclinicflourzcube","Cities","6",854.07
"oilclinicflourzcube","Cities","7",872.04
"oilclinicflourzcube","Cities","8",890.00
"oilclinicflourzcube","Cities","9",906.39
"oilclinicflourzcube","Cities","10",921.79
"oilcubeflourzcube","North","1",842.94
"oilcubeflourzcube","North","2",849.38
"oilcubeflourzcube","North","3",856.06
"oilcubeflourzcube","North","4",1622.29
"oilcubeflourzcube","North","5",1645.46
"oilcubeflourzcube","North","6",1670.84
"oilcubeflourzcube","North","7",1699.44
"oilcubeflourzcube","North","8",1730.87
"oilcubeflourzcube","North","9",1764.90
"oilcubeflourzcube","North","10",1801.98
"oilcubeflourzcube","South","1",785.49
"oilcubeflourzcube","South","2",790.49
"oilcubeflourzcube","South","3",794.50
"oilcubeflourzcube","South","4",1324.15
"oilcubeflourzcube","South","5",1329.55
"oilcubeflourzcube","South","6",1335.14
"oilcubeflourzcube","South","7",1339.94
"oilcubeflourzcube","South","8",1343.54
"oilcubeflourzcube","South","9",1346.34
"oilcubeflourzcube","South","10",1347.13
"oilcubeflourzcube","Cities","1",663.58
"oilcubeflourzcube","Cities","2",682.82
"oilcubeflourzcube","Cities","3",701.05
"oilcubeflourzcube","Cities","4",870.04
"oilcubeflourzcube","Cities","5",890.30
"oilcubeflourzcube","Cities","6",911.55
"oilcubeflourzcube","Cities","7",930.81
"oilcubeflourzcube","Cities","8",950.07
"oilcubeflourzcube","Cities","9",967.57
"oilcubeflourzcube","Cities","10",984.08
"oilcubevasflourzcube","North","1",1634.30
"oilcubevasflourzcube","North","2",1646.47
"oilcubevasflourzcube","North","3",1659.45
"oilcubevasflourzcube","North","4",2063.06
"oilcubevasflourzcube","North","5",2092.52
"oilcubevasflourzcube","North","6",2124.82
"oilcubevasflourzcube","North","7",2160.97
"oilcubevasflourzcube","North","8",2200.89
"oilcubevasflourzcube","North","9",2243.74
"oilcubevasflourzcube","North","10",2291.19
"oilcubevasflourzcube","South","1",1053.55
"oilcubevasflourzcube","South","2",1060.15
"oilcubevasflourzcube","South","3",1065.75
"oilcubevasflourzcube","South","4",1388.65
"oilcubevasflourzcube","South","5",1394.42
"oilcubevasflourzcube","South","6",1400.27
"oilcubevasflourzcube","South","7",1405.20
"oilcubevasflourzcube","South","8",1409.05
"oilcubevasflourzcube","South","9",1411.97
"oilcubevasflourzcube","South","10",1412.90
"oilcubevasflourzcube","Cities","1",736.88
"oilcubevasflourzcube","Cities","2",758.23
"oilcubevasflourzcube","Cities","3",778.58
"oilcubevasflourzcube","Cities","4",890.26
"oilcubevasflourzcube","Cities","5",911.00
"oilcubevasflourzcube","Cities","6",932.73
"oilcubevasflourzcube","Cities","7",952.46
"oilcubevasflourzcube","Cities","8",972.20
"oilcubevasflourzcube","Cities","9",990.11
"oilcubevasflourzcube","Cities","10",1007.03
"maxoilvasflourzcube","North","1",1634.30
"maxoilvasflourzcube","North","2",1646.47
"maxoilvasflourzcube","North","3",1790.63
"maxoilvasflourzcube","North","4",1937.13
"maxoilvasflourzcube","North","5",1964.79
"maxoilvasflourzcube","North","6",1995.11
"maxoilvasflourzcube","North","7",2029.11
"maxoilvasflourzcube","North","8",2066.60
"maxoilvasflourzcube","North","9",2106.93
"maxoilvasflourzcube","North","10",2151.42
"maxoilvasflourzcube","South","1",1053.55
"maxoilvasflourzcube","South","2",1060.15
"maxoilvasflourzcube","South","3",1177.42
"maxoilvasflourzcube","South","4",1359.02
"maxoilvasflourzcube","South","5",1364.62
"maxoilvasflourzcube","South","6",1370.35
"maxoilvasflourzcube","South","7",1375.22
"maxoilvasflourzcube","South","8",1378.95
"maxoilvasflourzcube","South","9",1381.82
"maxoilvasflourzcube","South","10",1382.68
"maxoilvasflourzcube","Cities","1",736.88
"maxoilvasflourzcube","Cities","2",758.23
"maxoilvasflourzcube","Cities","3",849.65
"maxoilvasflourzcube","Cities","4",885.06
"maxoilvasflourzcube","Cities","5",905.67
"maxoilvasflourzcube","Cities","6",927.28
"maxoilvasflourzcube","Cities","7",946.89
"maxoilvasflourzcube","Cities","8",966.51
"maxoilvasflourzcube","Cities","9",984.32
"maxoilvasflourzcube","Cities","10",1001.12
"vasflourzcube","North","1",1471.73
"vasflourzcube","North","2",1482.93
"vasflourzcube","North","3",1494.74
"vasflourzcube","North","4",1638.04
"vasflourzcube","North","5",1661.43
"vasflourzcube","North","6",1687.06
"vasflourzcube","North","7",1715.93
"vasflourzcube","North","8",1747.66
"vasflourzcube","North","9",1782.00
"vasflourzcube","North","10",1819.45
"vasflourzcube","South","1",1135.20
"vasflourzcube","South","2",1141.62
"vasflourzcube","South","3",1146.23
"vasflourzcube","South","4",1327.64
"vasflourzcube","South","5",1333.05
"vasflourzcube","South","6",1338.66
"vasflourzcube","South","7",1343.47
"vasflourzcube","South","8",1347.08
"vasflourzcube","South","9",1349.88
"vasflourzcube","South","10",1350.69
"vasflourzcube","Cities","1",769.36
"vasflourzcube","Cities","2",792.80
"vasflourzcube","Cities","3",814.23
"vasflourzcube","Cities","4",848.66
"vasflourzcube","Cities","5",868.41
"vasflourzcube","Cities","6",889.17
"vasflourzcube","Cities","7",907.92
"vasflourzcube","Cities","8",926.67
"vasflourzcube","Cities","9",943.75
"vasflourzcube","Cities","10",959.82
"clinicflourzcube","North","1",768.42
"clinicflourzcube","North","2",774.46
"clinicflourzcube","North","3",780.61
"clinicflourzcube","North","4",916.17
"clinicflourzcube","North","5",929.26
"clinicflourzcube","North","6",943.55
"clinicflourzcube","North","7",960.06
"clinicflourzcube","North","8",977.87
"clinicflourzcube","North","9",997.80
"clinicflourzcube","North","10",1018.24
"clinicflourzcube","South","1",790.34
"clinicflourzcube","South","2",794.68
"clinicflourzcube","South","3",797.92
"clinicflourzcube","South","4",977.27
"clinicflourzcube","South","5",980.62
"clinicflourzcube","South","6",984.85
"clinicflourzcube","South","7",988.97
"clinicflourzcube","South","8",991.20
"clinicflourzcube","South","9",993.32
"clinicflourzcube","South","10",993.43
"clinicflourzcube","Cities","1",610.56
"clinicflourzcube","Cities","2",629.33
"clinicflourzcube","Cities","3",646.11
"clinicflourzcube","Cities","4",675.89
"clinicflourzcube","Cities","5",691.57
"clinicflourzcube","Cities","6",708.25
"clinicflourzcube","Cities","7",722.93
"clinicflourzcube","Cities","8",737.61
"clinicflourzcube","Cities","9",751.20
"clinicflourzcube","Cities","10",763.78
"cubevasflourzcube","North","1",1791.62
"cubevasflourzcube","North","2",1805.16
"cubevasflourzcube","North","3",1819.55
"cubevasflourzcube","North","4",1966.36
"cubevasflourzcube","North","5",1994.44
"cubevasflourzcube","North","6",2025.22
"cubevasflourzcube","North","7",2059.72
"cubevasflourzcube","North","8",2097.78
"cubevasflourzcube","North","9",2138.69
"cubevasflourzcube","North","10",2183.87
"cubevasflourzcube","South","1",1181.53
"cubevasflourzcube","South","2",1188.22
"cubevasflourzcube","South","3",1193.01
"cubevasflourzcube","South","4",1374.71
"cubevasflourzcube","South","5",1380.40
"cubevasflourzcube","South","6",1386.19
"cubevasflourzcube","South","7",1391.09
"cubevasflourzcube","South","8",1394.88
"cubevasflourzcube","South","9",1397.78
"cubevasflourzcube","South","10",1398.68
"cubevasflourzcube","Cities","1",796.98
"cubevasflourzcube","Cities","2",821.22
"cubevasflourzcube","Cities","3",843.46
"cubevasflourzcube","Cities","4",878.71
"cubevasflourzcube","Cities","5",899.17
"cubevasflourzcube","Cities","6",920.63
"cubevasflourzcube","Cities","7",940.09
"cubevasflourzcube","Cities","8",959.55
"cubevasflourzcube","Cities","9",977.23
"cubevasflourzcube","Cities","10",993.91
"maxoilclinicflourzcube","North","1",1090.49
"maxoilclinicflourzcube","North","2",1098.90
"maxoilclinicflourzcube","North","3",1189.96
"maxoilclinicflourzcube","North","4",1329.95
"maxoilclinicflourzcube","North","5",1348.94
"maxoilclinicflourzcube","North","6",1369.74
"maxoilclinicflourzcube","North","7",1393.33
"maxoilclinicflourzcube","North","8",1419.12
"maxoilclinicflourzcube","North","9",1447.31
"maxoilclinicflourzcube","North","10",1477.50
"maxoilclinicflourzcube","South","1",939.61
"maxoilclinicflourzcube","South","2",944.85
"maxoilclinicflourzcube","South","3",962.54
"maxoilclinicflourzcube","South","4",1142.87
"maxoilclinicflourzcube","South","5",1147.19
"maxoilclinicflourzcube","South","6",1152.08
"maxoilclinicflourzcube","South","7",1156.52
"maxoilclinicflourzcube","South","8",1159.40
"maxoilclinicflourzcube","South","9",1161.84
"maxoilclinicflourzcube","South","10",1162.28
"maxoilclinicflourzcube","Cities","1",738.56
"maxoilclinicflourzcube","Cities","2",761.09
"maxoilclinicflourzcube","Cities","3",797.36
"maxoilclinicflourzcube","Cities","4",831.32
"maxoilclinicflourzcube","Cities","5",850.67
"maxoilclinicflourzcube","Cities","6",871.01
"maxoilclinicflourzcube","Cities","7",889.36
"maxoilclinicflourzcube","Cities","8",907.70
"maxoilclinicflourzcube","Cities","9",924.43
"maxoilclinicflourzcube","Cities","10",940.15
"maxoilcubevasflourzcube","North","1",1634.30
"maxoilcubevasflourzcube","North","2",1646.47
"maxoilcubevasflourzcube","North","3",1924.11
"maxoilcubevasflourzcube","North","4",2072.05
"maxoilcubevasflourzcube","North","5",2101.64
"maxoilcubevasflourzcube","North","6",2134.09
"maxoilcubevasflourzcube","North","7",2170.39
"maxoilcubevasflourzcube","North","8",2210.48
"maxoilcubevasflourzcube","North","9",2253.51
"maxoilcubevasflourzcube","North","10",2301.18
"maxoilcubevasflourzcube","South","1",1053.55
"maxoilcubevasflourzcube","South","2",1060.15
"maxoilcubevasflourzcube","South","3",1206.88
"maxoilcubevasflourzcube","South","4",1388.65
"maxoilcubevasflourzcube","South","5",1394.42
"maxoilcubevasflourzcube","South","6",1400.27
"maxoilcubevasflourzcube","South","7",1405.20
"maxoilcubevasflourzcube","South","8",1409.05
"maxoilcubevasflourzcube","South","9",1411.97
"maxoilcubevasflourzcube","South","10",1412.90
"maxoilcubevasflourzcube","Cities","1",736.88
"maxoilcubevasflourzcube","Cities","2",758.23
"maxoilcubevasflourzcube","Cities","3",855.83
"maxoilcubevasflourzcube","Cities","4",891.42
"maxoilcubevasflourzcube","Cities","5",912.18
"maxoilcubevasflourzcube","Cities","6",933.94
"maxoilcubevasflourzcube","Cities","7",953.70
"maxoilcubevasflourzcube","Cities","8",973.46
"maxoilcubevasflourzcube","Cities","9",991.40
"maxoilcubevasflourzcube","Cities","10",1008.34
"cliniccubeflourzcube","North","1",650.09
"cliniccubeflourzcube","North","2",655.13
"cliniccubeflourzcube","North","3",660.28
"cliniccubeflourzcube","North","4",1381.67
"cliniccubeflourzcube","North","5",1401.40
"cliniccubeflourzcube","North","6",1423.01
"cliniccubeflourzcube","North","7",1447.49
"cliniccubeflourzcube","North","8",1474.28
"cliniccubeflourzcube","North","9",1503.50
"cliniccubeflourzcube","North","10",1534.91
"cliniccubeflourzcube","South","1",674.80
"cliniccubeflourzcube","South","2",679.15
"cliniccubeflourzcube","South","3",682.50
"cliniccubeflourzcube","South","4",1228.28
"cliniccubeflourzcube","South","5",1233.11
"cliniccubeflourzcube","South","6",1238.33
"cliniccubeflourzcube","South","7",1242.94
"cliniccubeflourzcube","South","8",1246.16
"cliniccubeflourzcube","South","9",1248.77
"cliniccubeflourzcube","South","10",1249.38
"cliniccubeflourzcube","Cities","1",543.95
"cliniccubeflourzcube","Cities","2",559.72
"cliniccubeflourzcube","Cities","3",574.50
"cliniccubeflourzcube","Cities","4",783.94
"cliniccubeflourzcube","Cities","5",802.17
"cliniccubeflourzcube","Cities","6",821.40
"cliniccubeflourzcube","Cities","7",838.63
"cliniccubeflourzcube","Cities","8",855.85
"cliniccubeflourzcube","Cities","9",871.62
"cliniccubeflourzcube","Cities","10",886.39
"oilcubeclinicflourzcube","North","1",975.94
"oilcubeclinicflourzcube","North","2",983.34
"oilcubeclinicflourzcube","North","3",991.09
"oilcubeclinicflourzcube","North","4",1696.50
"oilcubeclinicflourzcube","North","5",1720.73
"oilcubeclinicflourzcube","North","6",1747.28
"oilcubeclinicflourzcube","North","7",1777.15
"oilcubeclinicflourzcube","North","8",1810.01
"oilcubeclinicflourzcube","North","9",1845.52
"oilcubeclinicflourzcube","North","10",1884.35
"oilcubeclinicflourzcube","South","1",825.26
"oilcubeclinicflourzcube","South","2",830.51
"oilcubeclinicflourzcube","South","3",834.75
"oilcubeclinicflourzcube","South","4",1332.87
"oilcubeclinicflourzcube","South","5",1338.32
"oilcubeclinicflourzcube","South","6",1343.95
"oilcubeclinicflourzcube","South","7",1348.76
"oilcubeclinicflourzcube","South","8",1352.39
"oilcubeclinicflourzcube","South","9",1355.21
"oilcubeclinicflourzcube","South","10",1356.02
"oilcubeclinicflourzcube","Cities","1",673.82
"oilcubeclinicflourzcube","Cities","2",693.35
"oilcubeclinicflourzcube","Cities","3",711.88
"oilcubeclinicflourzcube","Cities","4",873.51
"oilcubeclinicflourzcube","Cities","5",893.84
"oilcubeclinicflourzcube","Cities","6",915.18
"oilcubeclinicflourzcube","Cities","7",934.52
"oilcubeclinicflourzcube","Cities","8",953.86
"oilcubeclinicflourzcube","Cities","9",971.44
"oilcubeclinicflourzcube","Cities","10",988.01
"maxoilcubeclinicflourzcube","North","1",975.94
"maxoilcubeclinicflourzcube","North","2",983.34
"maxoilcubeclinicflourzcube","North","3",1074.35
"maxoilcubeclinicflourzcube","North","4",1745.98
"maxoilcubeclinicflourzcube","North","5",1770.91
"maxoilcubeclinicflourzcube","North","6",1798.24
"maxoilcubeclinicflourzcube","North","7",1828.96
"maxoilcubeclinicflourzcube","North","8",1862.76
"maxoilcubeclinicflourzcube","North","9",1899.27
"maxoilcubeclinicflourzcube","North","10",1939.26
"maxoilcubeclinicflourzcube","South","1",825.26
"maxoilcubeclinicflourzcube","South","2",830.51
"maxoilcubeclinicflourzcube","South","3",848.75
"maxoilcubeclinicflourzcube","South","4",1336.36
"maxoilcubeclinicflourzcube","South","5",1341.82
"maxoilcubeclinicflourzcube","South","6",1347.47
"maxoilcubeclinicflourzcube","South","7",1352.29
"maxoilcubeclinicflourzcube","South","8",1355.93
"maxoilcubeclinicflourzcube","South","9",1358.75
"maxoilcubeclinicflourzcube","South","10",1359.58
"maxoilcubeclinicflourzcube","Cities","1",673.82
"maxoilcubeclinicflourzcube","Cities","2",693.35
"maxoilcubeclinicflourzcube","Cities","3",727.84
"maxoilcubeclinicflourzcube","Cities","4",878.71
"maxoilcubeclinicflourzcube","Cities","5",899.17
"maxoilcubeclinicflourzcube","Cities","6",920.63
"maxoilcubeclinicflourzcube","Cities","7",940.09
"maxoilcubeclinicflourzcube","Cities","8",959.55
"maxoilcubeclinicflourzcube","Cities","9",977.23
"maxoilcubeclinicflourzcube","Cities","10",993.91
